age,height_cm,weight_kg,activity_level,healthy
56,183,65.9,3,1
38,193,61.5,1,0
53,194,86.7,4,1
19,178,88.0,1,0
50,166,61.8,3,1
42,181,87.8,3,0
20,191,81.7,3,1
26,193,138.7,2,0
26,180,62.0,5,1
24,162,96.6,2,0
57,158,51.2,4,1
59,158,93.9,2,0
27,190,80.6,5,1
25,168,72.2,1,0
33,172,64.9,4,1
42,183,59.4,1,0
41,155,47.5,5,1
28,171,50.9,1,0
59,193,84.4,5,1
26,162,43.4,3,0
41,191,84.5,4,1
44,189,94.9,3,0
18,159,55.9,5,1
31,193,127.5,2,0
30,186,78.1,3,1
49,158,45.1,3,0
46,190,88.6,5,1
39,182,60.2,1,0
23,182,78.3,4,1
28,182,53.7,1,0
44,167,67.0,5,1
23,162,44.1,3,0
59,178,77.7,4,1
49,186,104.7,1,0
29,193,80.8,3,1
54,171,110.2,2,0
40,191,75.5,3,1
36,156,75.0,3,0
21,165,56.8,3,1
55,178,119.7,3,0
33,187,68.1,5,1
23,170,43.8,3,0
43,157,58.4,5,1
58,187,111.0,1,0
28,182,76.9,4,1
40,185,97.0,2,0
19,155,45.9,3,1
54,186,59.3,3,0
33,157,59.1,4,1
50,178,117.7,2,0
57,174,67.3,4,1
42,189,102.5,2,0
19,189,81.0,3,1
53,187,109.9,3,0
20,171,59.9,5,1
39,176,49.0,3,0
25,181,69.7,3,1
47,187,59.3,1,0
36,158,46.6,3,1
34,182,94.8,3,0
58,191,89.2,3,1
48,189,65.5,1,0
49,177,63.3,5,1
35,179,52.4,2,0
41,186,78.9,5,1
19,181,95.6,1,0
26,193,75.9,5,1
43,189,117.7,2,0
24,190,85.2,3,1
25,170,43.8,2,0
19,186,76.8,4,1
42,176,78.7,2,0
23,169,59.4,3,1
50,162,46.2,3,0
21,160,48.2,4,1
52,194,141.8,2,0
47,173,70.6,5,1
36,182,93.6,1,0
40,163,60.9,3,1
18,188,55.9,1,0
18,170,63.0,5,1
22,176,79.4,3,0
54,176,57.6,4,1
45,159,73.4,1,0
29,170,55.3,3,1
56,190,56.3,2,0
27,159,61.1,5,1
27,173,50.0,1,0
21,170,54.8,5,1
19,182,123.3,2,0
52,187,74.9,5,1
54,166,103.3,3,0
46,167,55.4,4,1
19,189,57.7,2,0
27,180,67.0,5,1
58,161,39.9,3,0
46,190,76.4,3,1
53,164,44.2,1,0
52,190,75.4,5,1
49,178,102.4,1,0
30,177,73.1,3,1
47,171,49.2,2,0
30,173,62.8,3,1
58,173,87.2,3,0
36,170,61.8,5,1
29,179,54.1,3,0
33,193,71.1,4,1
56,168,47.6,1,0
28,172,73.1,3,1
27,171,44.9,2,0
26,181,75.4,3,1
46,191,57.6,1,0
39,171,71.8,3,1
21,190,58.8,2,0
56,181,65.8,5,1
56,157,74.6,2,0
37,182,77.5,5,1
58,193,121.4,1,0
42,187,69.7,4,1
49,175,113.4,1,0
53,189,82.0,3,1
35,168,107.1,2,0
20,170,67.1,5,1
29,164,98.4,1,0
25,182,75.0,4,1
45,182,53.7,2,0
34,163,54.4,3,1
45,183,87.0,2,0
22,179,67.9,4,1
22,187,61.7,1,0
28,175,71.3,3,1
39,181,55.5,3,0
18,175,57.8,4,1
45,171,49.2,1,0
40,191,84.4,4,1
27,173,92.4,1,0
30,158,49.8,3,1
57,186,52.4,2,0
51,157,53.8,3,1
22,184,102.4,3,0
40,169,67.2,4,1
19,165,72.9,2,0
55,188,79.8,5,1
44,188,112.0,3,0
47,171,71.9,4,1
34,164,47.4,2,0
23,156,50.1,5,1
28,177,84.5,1,0
20,186,74.5,3,1
49,173,88.2,1,0
39,175,67.4,3,1
58,166,81.9,2,0
44,163,50.7,5,1
39,184,52.6,2,0
53,155,45.7,5,1
32,176,108.0,2,0
43,168,54.9,5,1
24,157,44.5,1,0
35,192,80.8,5,1
42,191,57.0,3,0
39,180,71.0,3,1
34,167,47.5,1,0
35,190,79.2,4,1
25,194,62.0,1,0
23,180,72.5,5,1
23,191,66.3,2,0
23,158,59.8,4,1
47,185,52.0,3,0
48,194,86.4,5,1
23,156,41.3,2,0
47,192,84.0,3,1
19,169,48.0,1,0
23,180,66.7,5,1
37,187,61.2,2,0
31,192,81.9,5,1
53,167,71.6,2,0
22,177,69.0,4,1
30,194,66.8,1,0
34,163,59.3,4,1
52,184,122.1,2,0
31,165,66.7,5,1
52,155,78.0,1,0
25,165,64.2,4,1
47,189,55.6,2,0
43,158,51.2,4,1
42,172,90.8,3,0
55,187,81.4,5,1
50,179,96.4,2,0
57,194,84.7,5,1
23,160,88.3,3,0
46,187,76.6,5,1
44,190,66.4,1,0
44,187,65.4,4,1
19,164,93.6,2,0
30,185,71.6,3,1
41,169,50.6,1,0
19,181,74.1,5,1
53,190,118.4,3,0
27,194,83.7,5,1
43,166,73.9,1,0
50,194,90.6,3,1
54,162,45.2,2,0
26,183,64.2,3,1
39,165,45.0,2,0
53,177,76.4,5,1
57,169,46.7,2,0
43,189,75.2,3,1
43,165,49.4,2,0
44,171,65.1,5,1
41,179,97.6,1,0
46,176,61.7,4,1
38,161,80.3,2,0
39,182,72.6,3,1
24,155,38.6,3,0
36,186,74.4,3,1
46,184,60.4,2,0
19,182,71.5,4,1
55,158,39.0,3,0
49,164,54.4,4,1
51,187,94.5,3,0
46,162,49.0,5,1
20,178,100.0,2,0
54,157,59.6,5,1
25,188,133.8,2,0
33,158,61.3,4,1
38,168,45.1,2,0
24,187,69.3,5,1
36,190,62.0,3,0
22,174,62.5,5,1
19,157,41.9,1,0
55,184,70.5,3,1
52,176,82.0,3,0
40,186,73.4,5,1
34,168,49.5,3,0
26,176,73.9,4,1
46,188,89.2,1,0
59,190,78.3,4,1
34,191,62.8,1,0
59,176,60.0,3,1
48,160,44.8,1,0
24,164,65.5,4,1
38,182,101.0,2,0
18,190,84.6,3,1
38,165,43.5,3,0
56,194,83.3,4,1
41,176,86.1,3,0
37,173,66.8,5,1
34,188,60.5,1,0
57,171,61.8,3,1
57,179,50.7,3,0
47,192,82.1,5,1
54,171,53.3,2,0
33,178,74.0,5,1
38,171,99.4,1,0
35,179,72.5,5,1
43,180,49.0,1,0
40,180,71.7,4,1
24,168,43.5,2,0
40,183,72.1,4,1
56,189,57.5,2,0
48,178,63.3,3,1
51,157,42.8,3,0
56,169,67.5,3,1
39,179,56.1,2,0
19,189,86.0,4,1
30,167,45.5,3,0
46,183,62.8,3,1
33,164,79.0,1,0
18,184,62.7,3,1
31,184,60.6,1,0
18,169,60.7,3,1
41,158,39.3,1,0
23,193,89.9,4,1
41,165,49.2,3,0
25,174,72.2,4,1
27,188,90.0,3,0
23,159,47.7,5,1
40,163,48.2,3,0
59,189,83.4,4,1
34,178,57.2,1,0
42,163,64.4,3,1
51,165,77.5,1,0
26,157,60.7,4,1
26,169,49.2,2,0
41,169,52.9,5,1
22,180,121.5,1,0
45,159,62.8,4,1
57,186,58.0,2,0
57,181,78.7,3,1
23,178,56.1,3,0
58,167,66.5,3,1
59,190,61.7,1,0
48,177,58.1,5,1
47,193,132.7,1,0
46,166,51.1,3,1
44,171,87.4,1,0
52,160,52.0,5,1
27,186,61.8,2,0
54,183,78.9,4,1
21,181,51.0,2,0
18,176,69.6,5,1
35,168,106.1,3,0
52,166,51.4,5,1
50,160,41.6,2,0
40,180,63.2,4,1
46,158,41.1,3,0
46,183,68.3,4,1
31,174,52.2,2,0
45,183,82.2,3,1
37,160,45.0,1,0
55,169,66.5,5,1
42,178,114.8,3,0
25,179,77.1,3,1
25,169,47.2,3,0
46,178,77.3,5,1
37,169,47.5,2,0
37,190,79.7,3,1
39,156,43.1,1,0
25,175,58.1,4,1
48,192,59.0,2,0
58,162,60.7,5,1
41,171,44.9,2,0
39,182,76.2,4,1
57,186,63.0,1,0
58,167,53.1,3,1
43,176,116.8,2,0
32,188,66.3,3,1
57,165,42.0,2,0
26,193,83.5,3,1
29,162,86.9,2,0
24,165,66.0,4,1
39,180,82.7,2,0
31,165,63.0,5,1
29,167,46.4,3,0
53,162,63.2,3,1
49,172,44.6,1,0
20,182,65.5,5,1
46,169,88.6,1,0
48,178,67.2,4,1
37,178,53.4,2,0
51,190,87.0,4,1
53,160,97.0,2,0
29,157,55.4,3,1
32,187,120.0,2,0
40,168,69.8,5,1
54,159,77.6,1,0
31,193,77.5,4,1
56,160,74.4,2,0
52,191,67.7,3,1
57,166,42.6,3,0
28,164,51.0,4,1
33,164,44.4,1,0
22,174,67.4,3,1
37,182,50.1,1,0
45,169,63.0,5,1
37,168,90.0,2,0
46,155,46.3,4,1
54,159,82.4,2,0
37,178,72.5,4,1
51,179,55.0,3,0
40,192,71.5,4,1
33,162,68.8,1,0
49,192,88.7,4,1
51,155,89.6,2,0
35,171,69.6,5,1
57,166,97.4,1,0
18,173,73.4,4,1
22,180,87.7,2,0
26,187,73.8,3,1
26,167,73.7,1,0
55,158,56.8,4,1
51,172,53.2,3,0
18,178,64.6,5,1
42,175,49.3,3,0
38,173,62.8,3,1
50,186,96.7,3,0
52,162,59.8,4,1
19,163,96.2,2,0
23,182,61.8,4,1
42,166,42.7,3,0
40,160,59.6,5,1
38,177,51.6,3,0
42,190,88.2,5,1
21,175,84.3,1,0
21,181,80.1,5,1
25,170,99.2,1,0
30,158,59.3,4,1
28,161,44.9,3,0
24,190,76.6,4,1
24,155,39.1,3,0
30,176,73.5,4,1
45,163,88.8,2,0
59,162,61.5,3,1
43,181,57.8,3,0
27,179,61.2,4,1
50,159,87.4,1,0
38,171,57.4,3,1
32,189,114.7,1,0
31,167,62.2,4,1
42,156,79.7,3,0
59,193,86.2,5,1
56,178,83.5,2,0
59,186,70.1,4,1
53,194,64.7,1,0
23,193,70.6,3,1
19,159,84.2,2,0
25,157,54.0,3,1
20,176,117.5,2,0
34,189,82.8,4,1
25,176,52.4,1,0
48,170,61.0,4,1
33,166,92.7,3,0
33,184,67.7,5,1
57,159,44.3,1,0
47,175,58.5,4,1
35,162,70.0,2,0
51,168,54.3,5,1
19,175,49.5,3,0
20,177,76.9,4,1
23,189,116.0,1,0
59,166,67.4,4,1
55,172,99.9,2,0
31,160,49.7,5,1
31,163,42.8,2,0
52,172,72.9,4,1
27,179,54.3,3,0
31,155,53.8,4,1
20,189,58.4,2,0
25,175,57.2,3,1
32,158,87.6,1,0
48,168,68.0,3,1
23,186,114.4,3,0
36,185,64.7,5,1
51,164,84.2,1,0
48,169,70.8,5,1
26,189,125.6,3,0
24,170,66.3,3,1
21,158,45.9,1,0
53,192,78.3,5,1
54,189,108.5,3,0
54,176,76.4,5,1
19,181,53.8,2,0
40,193,83.7,3,1
38,180,122.1,1,0
49,190,75.4,3,1
28,175,80.5,2,0
21,188,72.7,4,1
57,189,107.6,2,0
38,167,54.0,3,1
26,155,42.6,2,0
57,175,72.8,5,1
51,162,47.4,1,0
40,178,76.5,3,1
49,155,61.6,1,0
40,155,45.6,5,1
41,171,101.1,3,0
53,165,67.3,5,1
24,182,53.7,2,0
49,162,53.0,4,1
49,182,116.5,1,0
26,156,55.4,5,1
53,158,83.3,3,0
27,175,59.1,5,1
57,156,41.5,2,0
28,164,55.6,4,1
26,179,103.0,1,0
39,184,82.7,5,1
38,189,61.7,1,0
29,172,66.8,4,1
38,162,46.0,3,0
39,176,76.8,4,1
45,183,58.5,3,0
44,185,74.0,5,1
41,167,45.8,3,0
36,177,71.8,5,1
42,191,113.1,1,0
22,157,61.2,5,1
49,188,113.9,2,0
56,181,64.6,3,1
30,163,66.6,2,0
29,171,54.3,3,1
51,174,48.8,2,0
36,191,70.4,5,1
21,174,84.2,1,0
55,175,56.7,5,1
38,164,46.0,1,0
37,171,65.1,3,1
31,157,37.5,2,0
41,188,78.9,5,1
48,173,77.8,1,0
29,184,83.9,3,1
48,190,110.9,2,0
50,172,61.8,3,1
45,165,47.6,1,0
23,158,54.1,5,1
44,169,46.8,3,0
26,180,72.1,3,1
27,157,62.4,2,0
23,171,71.5,5,1
36,189,58.8,1,0
37,175,65.6,3,1
53,160,43.9,2,0
52,155,56.4,4,1
58,185,62.1,2,0
41,184,63.4,5,1
52,182,124.8,2,0
48,179,75.2,3,1
53,174,51.8,2,0
50,181,67.9,5,1
32,172,95.0,3,0
24,175,57.7,4,1
54,175,102.6,1,0
41,173,61.3,3,1
29,187,97.7,1,0
24,176,68.4,3,1
41,188,57.9,2,0
34,188,67.2,4,1
51,155,64.5,1,0
19,164,57.7,5,1
56,176,109.1,3,0
27,189,67.3,5,1
49,161,83.2,2,0
39,169,56.6,3,1
32,176,48.2,1,0
57,182,77.6,5,1
19,179,94.4,1,0
59,189,68.5,5,1
42,173,82.4,2,0
25,178,65.8,3,1
53,191,62.6,3,0
57,172,57.7,4,1
29,156,39.1,3,0
57,192,71.5,3,1
25,191,63.8,2,0
23,173,72.3,5,1
33,155,39.4,2,0
30,188,69.1,4,1
48,181,85.9,1,0
37,188,70.1,4,1
22,189,129.2,2,0
23,173,69.9,3,1
28,156,43.3,2,0
39,157,59.5,4,1
43,175,47.1,1,0
52,188,73.3,5,1
35,165,90.0,1,0
22,165,65.1,5,1
52,187,118.2,3,0
57,182,75.7,4,1
26,174,47.8,3,0
20,158,60.0,5,1
55,169,44.9,1,0
31,190,86.9,5,1
26,189,54.3,1,0
23,181,72.4,5,1
51,192,110.4,3,0
36,184,80.0,5,1
37,179,81.2,3,0
39,173,74.0,5,1
59,173,53.1,2,0
26,173,72.1,4,1
55,190,101.6,1,0
42,168,63.0,5,1
58,168,72.3,2,0
58,176,75.0,5,1
33,183,96.1,3,0
28,175,66.9,3,1
37,191,62.2,1,0
26,158,60.1,4,1
41,186,58.6,2,0
29,169,63.8,4,1
46,176,102.9,1,0
46,158,57.0,4,1
29,157,92.1,3,0
58,155,48.6,4,1
23,176,92.0,2,0
43,181,63.5,4,1
18,183,110.8,3,0
37,167,61.2,3,1
25,174,46.5,1,0
59,163,63.0,3,1
58,171,45.0,3,0
58,193,80.7,5,1
36,165,42.1,3,0
29,162,63.8,3,1
29,187,130.8,1,0
25,179,72.3,5,1
47,177,113.8,2,0
21,184,80.0,4,1
54,173,51.0,1,0
29,169,66.5,4,1
46,164,88.0,2,0
35,163,59.6,5,1
37,160,94.0,3,0
33,184,65.7,3,1
58,166,44.1,3,0
43,191,70.4,3,1
48,179,107.3,1,0
35,190,82.3,5,1
26,192,113.6,3,0
20,182,73.6,3,1
40,194,67.8,1,0
53,187,76.5,4,1
45,191,62.7,1,0
37,173,55.9,4,1
45,189,92.6,3,0
55,159,55.4,4,1
18,185,59.3,2,0
41,157,60.8,4,1
44,181,50.9,1,0
32,184,65.5,4,1
54,191,112.3,1,0
46,167,62.4,4,1
34,186,55.9,1,0
30,188,69.2,3,1
40,157,39.5,2,0
38,175,75.6,5,1
21,155,40.8,1,0
51,165,54.0,3,1
34,189,64.3,2,0
36,191,84.6,3,1
34,191,102.0,3,0
51,165,56.5,5,1
29,175,53.7,1,0
37,166,68.1,5,1
36,180,101.4,2,0
53,192,80.5,4,1
41,177,51.1,3,0
34,168,60.5,5,1
21,161,47.3,1,0
34,171,69.9,5,1
55,157,78.0,1,0
48,170,67.6,4,1
46,176,105.3,2,0
38,170,68.6,3,1
41,189,56.1,3,0
36,162,65.3,5,1
47,161,39.3,1,0
32,191,67.6,3,1
26,155,79.2,3,0
26,188,67.1,4,1
48,192,118.5,1,0
49,188,65.5,5,1
55,170,76.5,2,0
33,192,69.4,4,1
43,167,77.4,3,0
20,162,53.5,4,1
44,183,56.9,1,0
47,167,62.4,3,1
36,179,49.4,2,0
27,164,63.9,4,1
37,186,107.3,1,0
41,169,62.9,5,1
21,167,95.9,3,0
48,168,68.1,4,1
28,166,45.1,2,0
46,180,74.8,4,1
55,171,44.5,2,0
22,183,81.9,3,1
18,173,108.5,2,0
32,167,59.1,4,1
29,191,56.2,1,0
44,179,73.7,4,1
40,175,53.4,3,0
34,158,57.4,4,1
26,175,50.9,2,0
34,191,79.1,5,1
45,189,99.0,3,0
58,161,60.7,4,1
54,167,45.8,1,0
55,165,63.1,4,1
50,190,118.8,1,0
41,162,59.5,4,1
20,182,85.1,2,0
18,190,68.8,5,1
52,167,73.8,1,0
27,167,58.4,4,1
39,171,45.1,3,0
55,171,71.1,3,1
42,190,54.7,3,0
45,170,67.8,4,1
29,181,55.6,2,0
58,188,69.5,5,1
49,186,121.3,3,0
29,170,64.0,3,1
53,167,51.1,3,0
25,187,78.3,3,1
39,158,45.1,2,0
51,182,71.3,5,1
43,158,45.6,2,0
28,169,63.1,4,1
58,171,80.5,1,0
43,179,75.3,3,1
36,165,86.7,3,0
48,182,74.9,3,1
55,178,55.3,1,0
43,159,54.8,3,1
28,187,63.8,1,0
38,159,56.8,4,1
39,172,49.9,2,0
20,184,81.4,3,1
50,171,53.6,3,0
45,160,49.1,5,1
43,166,43.8,3,0
55,172,73.3,5,1
46,188,106.5,2,0
51,162,51.3,4,1
49,190,57.2,1,0
37,178,74.1,3,1
39,163,93.5,2,0
38,178,75.0,4,1
25,181,52.0,3,0
30,164,65.3,4,1
44,188,65.0,3,0
20,174,57.8,4,1
52,189,116.1,1,0
35,183,74.0,5,1
35,158,91.7,1,0
37,177,68.1,5,1
58,159,69.0,1,0
58,183,71.2,5,1
38,189,57.5,3,0
24,180,78.4,3,1
31,158,91.3,1,0
46,162,51.7,5,1
56,182,98.5,3,0
52,191,78.2,5,1
41,181,96.1,1,0
41,178,71.9,5,1
51,177,47.5,1,0
48,160,48.3,4,1
57,161,65.1,3,0
39,158,61.6,4,1
53,159,83.2,2,0
54,179,64.5,5,1
31,190,66.2,2,0
38,162,59.7,5,1
48,164,76.6,1,0
34,165,61.3,4,1
34,158,45.5,1,0
54,192,86.6,5,1
42,190,111.3,3,0
49,193,79.9,3,1
40,193,109.8,3,0
58,183,65.0,4,1
23,174,55.5,1,0
29,155,49.2,4,1
32,190,124.7,1,0
36,189,66.3,4,1
50,168,74.1,3,0
46,173,68.9,3,1
57,173,86.8,2,0
57,167,68.8,4,1
52,173,79.9,1,0
37,185,70.1,5,1
19,176,53.5,2,0
20,170,71.6,5,1
35,170,79.3,2,0
28,159,52.5,3,1
23,187,57.6,2,0
50,173,68.3,5,1
19,184,55.1,2,0
24,169,55.0,5,1
36,183,95.8,3,0
27,162,49.7,3,1
27,171,93.9,2,0
58,159,49.8,3,1
44,166,90.6,1,0
52,170,65.1,4,1
55,176,48.0,1,0
55,174,61.8,4,1
37,173,100.1,1,0
51,176,76.4,5,1
44,164,90.7,1,0
53,156,58.5,3,1
36,180,53.5,2,0
38,176,69.7,4,1
42,182,56.8,1,0
26,190,88.5,4,1
53,163,72.9,2,0
55,171,63.4,5,1
52,175,55.5,1,0
26,181,60.8,3,1
58,174,47.5,3,0
49,187,69.5,3,1
51,194,114.9,2,0
50,165,60.7,4,1
27,172,52.5,3,0
30,157,55.3,3,1
44,162,40.0,1,0
23,179,66.1,3,1
54,163,93.6,1,0
55,194,80.3,5,1
54,169,102.0,3,0
30,158,55.6,5,1
41,158,39.2,2,0
55,155,58.7,3,1
46,159,94.2,3,0
20,174,64.7,3,1
18,158,76.8,3,0
42,175,71.2,4,1
41,179,57.1,1,0
53,193,74.4,3,1
38,163,40.6,2,0
58,159,57.7,3,1
29,177,51.9,2,0
26,183,71.8,5,1
30,186,60.1,1,0
34,194,90.4,3,1
23,172,94.8,1,0
49,168,54.4,5,1
53,188,116.3,3,0
36,169,66.5,5,1
26,187,112.0,3,0
59,155,47.6,4,1
30,155,41.2,1,0
46,193,72.3,4,1
34,161,39.9,3,0
56,155,44.7,3,1
42,157,81.8,2,0
33,179,74.3,3,1
18,183,59.6,3,0
58,161,55.4,5,1
36,156,39.9,1,0
47,194,70.0,4,1
49,162,47.2,3,0
45,172,61.8,3,1
32,174,55.7,3,0
36,157,51.1,5,1
21,165,46.9,2,0
19,163,49.2,4,1
32,179,97.8,1,0
56,186,75.5,3,1
52,191,57.3,3,0
45,163,55.1,4,1
46,171,46.4,2,0
53,191,80.1,4,1
59,166,94.6,3,0
57,156,51.6,4,1
28,169,93.1,3,0
43,177,71.2,3,1
55,157,44.8,2,0
49,182,71.1,4,1
30,181,55.8,1,0
32,169,67.1,5,1
23,178,108.0,1,0
45,162,49.1,5,1
39,160,42.0,1,0
23,179,77.7,5,1
57,183,112.8,2,0
25,165,64.5,3,1
55,181,60.3,3,0
49,164,49.9,5,1
52,185,51.8,3,0
28,175,72.0,5,1
47,189,90.1,2,0
49,190,67.7,5,1
52,157,89.3,3,0
42,158,62.0,5,1
36,156,73.2,3,0
40,178,66.3,4,1
45,159,43.4,2,0
21,174,74.2,4,1
28,186,57.2,2,0
35,177,76.5,3,1
40,179,55.1,1,0
24,158,52.8,4,1
39,171,79.6,2,0
50,169,68.2,4,1
37,184,112.8,2,0
30,167,62.0,3,1
55,156,79.3,3,0
39,174,56.6,4,1
47,171,106.6,2,0
24,170,69.4,5,1
44,177,50.0,3,0
37,191,88.4,5,1
48,162,92.1,3,0
29,171,70.1,4,1
46,173,50.5,2,0
51,174,57.1,4,1
49,169,107.5,1,0
57,162,55.9,5,1
57,165,78.7,2,0
56,182,68.8,3,1
30,186,94.1,3,0
35,192,88.6,5,1
40,176,89.6,2,0
49,159,54.5,4,1
57,178,90.5,3,0
34,155,51.5,5,1
59,188,121.7,2,0
29,194,85.6,4,1
32,169,48.1,1,0
57,174,56.3,3,1
35,167,87.6,2,0
36,161,49.9,4,1
33,193,130.0,1,0
34,191,79.4,3,1
43,168,48.5,1,0
30,186,70.2,5,1
55,182,51.5,1,0
51,170,58.7,3,1
55,162,78.3,2,0
49,189,87.5,5,1
29,185,100.6,1,0
58,185,68.1,4,1
37,193,63.3,3,0
59,174,63.3,3,1
53,187,96.5,2,0
25,181,61.4,4,1
25,162,47.6,3,0
54,182,77.4,5,1
19,172,49.5,2,0
46,184,72.9,5,1
38,184,99.6,3,0
32,163,57.1,5,1
40,184,103.9,3,0
18,189,83.3,3,1
49,169,47.4,1,0
25,162,64.0,3,1
57,165,46.1,2,0
46,175,67.7,5,1
23,176,78.2,3,0
25,189,75.7,3,1
38,156,90.4,3,0
34,160,58.5,4,1
45,156,79.8,2,0
43,190,89.0,4,1
49,171,96.8,3,0
52,194,77.2,3,1
59,172,94.8,2,0
21,192,69.7,3,1
33,166,43.9,1,0
51,157,49.5,4,1
59,163,92.5,3,0
20,178,75.2,4,1
44,170,51.1,1,0
43,188,84.8,4,1
37,166,49.9,1,0
42,156,47.9,4,1
38,179,57.5,2,0
50,192,84.3,4,1
32,179,49.9,2,0
40,158,55.5,3,1
45,189,60.5,2,0
27,179,78.6,5,1
28,159,38.8,3,0
55,183,66.8,5,1
19,155,41.8,3,0
43,167,61.7,5,1
45,184,53.8,3,0
51,185,64.5,3,1
39,194,69.1,3,0
59,175,71.3,4,1
55,189,57.8,1,0
34,180,63.2,4,1
34,168,91.3,3,0
25,169,67.9,5,1
30,185,127.1,1,0
39,177,68.6,4,1
22,180,87.8,2,0
35,158,55.2,4,1
31,167,44.0,3,0
52,171,66.2,5,1
49,194,60.5,3,0
18,189,74.2,3,1
23,168,78.5,3,0
33,182,80.5,3,1
43,182,55.5,2,0
25,178,78.3,5,1
26,193,136.0,3,0
56,170,60.9,4,1
55,172,44.8,2,0
40,159,46.9,4,1
21,183,94.7,3,0
57,186,70.1,4,1
37,160,41.2,2,0
28,171,67.1,5,1
21,171,86.2,2,0
52,176,59.9,4,1
28,167,70.7,3,0
31,187,74.3,5,1
58,163,41.5,1,0
40,184,79.5,4,1
42,164,70.2,2,0
58,179,72.8,4,1
27,189,127.9,1,0
24,171,58.4,4,1
29,172,44.9,3,0
35,189,66.7,4,1
33,160,45.2,2,0
29,167,61.7,4,1
19,180,51.6,3,0
57,166,58.2,5,1
34,171,46.1,2,0
33,190,77.2,3,1
29,191,101.2,3,0
54,183,69.1,5,1
36,167,47.3,3,0
46,174,70.2,5,1
53,156,39.9,2,0
53,184,71.1,5,1
51,167,105.1,2,0
53,163,53.1,5,1
55,160,90.3,1,0
49,158,47.9,3,1
37,177,93.0,1,0
51,167,69.3,4,1
48,161,39.9,3,0
38,185,69.7,3,1
49,156,75.0,1,0
49,170,65.4,5,1
48,178,102.1,3,0
43,166,51.7,3,1
28,182,51.9,2,0
24,156,54.4,5,1
43,165,49.9,3,0
29,157,56.3,3,1
19,170,72.3,2,0
45,179,59.7,4,1
59,194,126.4,2,0
54,170,57.4,3,1
37,181,96.4,1,0
19,166,56.8,4,1
26,164,76.3,3,0
19,155,54.8,4,1
44,156,42.0,3,0
29,191,81.0,3,1
56,178,51.4,2,0
41,168,66.7,4,1
29,176,106.2,2,0
31,170,71.9,3,1
49,187,115.4,3,0
40,186,80.7,5,1
22,158,40.2,3,0
31,160,58.6,3,1
40,168,43.6,1,0
58,188,72.6,5,1
40,194,60.1,1,0
48,189,74.2,5,1
40,186,61.9,1,0
26,183,63.8,3,1
48,176,53.5,1,0
25,155,49.3,5,1
49,165,48.5,1,0
43,170,71.9,4,1
20,155,38.7,1,0
19,183,80.4,3,1
50,157,83.0,1,0
37,163,62.8,5,1
36,192,56.5,1,0
39,182,70.7,3,1
39,173,96.3,3,0
43,177,69.7,3,1
37,173,53.4,3,0
31,165,61.5,5,1
28,192,105.2,2,0
55,182,80.3,5,1
24,165,103.3,2,0
55,166,57.3,3,1
54,178,57.5,2,0
21,165,66.6,5,1
28,182,60.2,2,0
45,180,76.9,3,1
36,187,94.8,1,0
20,170,55.6,3,1
32,179,52.6,1,0
55,177,66.3,5,1
39,171,78.9,1,0
24,192,88.7,3,1
18,188,116.8,2,0
21,155,45.1,4,1
26,189,101.1,2,0
44,186,84.1,4,1
45,183,51.9,3,0
21,191,69.4,4,1
43,193,102.8,3,0
19,166,65.6,4,1
43,161,75.7,3,0
43,160,59.2,4,1
36,191,138.4,1,0
59,187,68.0,4,1
47,181,119.1,3,0
46,187,77.4,3,1
32,156,72.9,2,0
20,161,62.9,4,1
54,187,62.4,3,0
35,158,51.8,3,1
41,176,115.1,1,0
38,170,69.5,5,1
45,186,54.5,2,0
39,186,82.3,3,1
59,186,110.9,3,0
24,183,62.2,5,1
36,164,80.8,3,0
55,167,68.6,5,1
25,162,70.6,3,0
38,157,46.7,5,1
33,167,77.0,1,0
24,169,67.1,4,1
58,176,52.2,2,0
33,162,53.5,3,1
29,179,85.2,2,0
58,190,75.1,5,1
23,159,46.1,3,0
31,182,62.9,5,1
45,181,99.5,1,0
21,188,66.3,4,1
25,160,74.5,1,0
30,159,48.3,4,1
35,172,95.0,3,0
29,167,56.6,3,1
28,173,84.2,2,0
41,155,50.7,5,1
39,177,86.3,3,0
45,182,76.8,3,1
36,182,58.7,1,0
43,189,69.3,5,1
57,170,95.5,2,0
39,170,65.2,5,1
25,176,55.7,1,0
18,160,53.2,5,1
40,186,56.1,3,0
50,175,65.9,5,1
44,172,45.1,2,0
24,174,69.6,5,1
26,185,53.6,1,0
40,174,61.1,3,1
45,171,80.0,2,0
58,160,62.2,3,1
55,160,83.5,3,0
52,187,66.7,4,1
41,189,64.5,1,0
51,179,65.8,3,1
36,177,51.6,1,0
18,173,58.5,5,1
35,188,58.3,2,0
23,186,82.4,5,1
56,185,108.6,2,0
41,163,59.4,5,1
57,163,42.6,3,0
52,159,54.2,5,1
35,156,43.3,2,0
48,162,59.3,5,1
26,184,53.7,2,0
30,190,78.3,3,1
27,163,77.2,3,0
56,194,89.0,3,1
40,183,53.7,3,0
42,185,84.5,5,1
34,156,74.4,2,0
23,157,50.5,4,1
28,174,53.1,3,0
33,178,75.3,5,1
42,189,97.8,3,0
47,173,70.5,5,1
57,162,40.1,2,0
34,167,67.1,4,1
51,190,56.0,2,0
46,179,60.4,4,1
41,165,72.3,3,0
28,192,68.3,5,1
43,175,53.0,3,0
37,186,81.3,5,1
26,155,62.6,3,0
20,194,90.3,3,1
44,170,51.7,3,0
28,187,68.9,3,1
58,171,104.6,3,0
52,168,64.3,3,1
48,185,61.6,2,0
31,169,54.1,5,1
32,190,122.9,3,0
30,188,82.9,3,1
49,184,94.4,2,0
32,168,58.4,4,1
35,161,46.6,1,0
55,168,70.0,4,1
19,171,106.1,1,0
37,175,64.7,4,1
52,191,64.9,3,0
34,170,58.2,4,1
21,175,52.8,3,0
42,159,51.0,5,1
58,191,57.3,2,0
26,190,78.6,4,1
39,188,93.9,1,0
35,161,63.4,3,1
18,178,50.8,3,0
49,187,80.8,3,1
53,160,71.7,2,0
41,167,53.0,4,1
30,191,63.2,3,0
35,177,71.4,4,1
51,158,78.1,3,0
57,160,51.4,3,1
21,183,58.3,3,0
29,160,52.9,5,1
55,162,73.8,3,0
24,173,63.6,3,1
52,184,127.7,1,0
58,188,84.4,4,1
35,171,47.0,2,0
39,157,55.6,5,1
51,189,62.8,1,0
23,191,71.5,3,1
44,175,54.9,2,0
57,180,70.6,3,1
53,164,44.9,3,0
24,161,56.3,4,1
21,168,47.6,2,0
27,171,63.5,4,1
39,186,56.7,1,0
23,173,62.6,3,1
50,177,57.1,3,0
43,187,65.7,3,1
44,159,39.1,3,0
55,170,67.8,4,1
52,169,48.9,1,0
58,177,72.9,4,1
49,185,60.7,1,0
31,186,84.5,4,1
24,180,115.3,1,0
50,164,66.4,5,1
59,166,47.0,2,0
44,182,65.6,4,1
19,190,60.5,3,0
39,180,66.5,4,1
42,191,59.2,1,0
41,194,74.6,3,1
34,178,57.3,2,0
41,163,55.0,3,1
47,194,105.8,3,0
46,178,60.3,3,1
35,174,54.8,2,0
46,185,63.4,5,1
37,163,83.7,1,0
36,180,79.0,3,1
43,180,107.3,1,0
20,156,59.3,5,1
34,187,57.6,3,0
43,189,88.6,3,1
24,190,129.9,1,0
42,164,50.8,4,1
25,183,110.7,3,0
58,168,62.1,4,1
31,161,65.7,3,0
20,158,57.6,5,1
19,168,81.6,1,0
30,168,56.8,4,1
43,175,76.6,2,0
26,177,62.8,5,1
34,156,37.8,3,0
29,194,88.2,4,1
33,173,100.1,1,0
53,176,59.4,5,1
47,194,135.9,3,0
54,161,62.0,5,1
32,157,38.4,1,0
32,157,48.7,3,1
43,175,109.9,2,0
41,189,73.1,5,1
31,164,85.7,2,0
58,164,62.3,3,1
20,185,110.7,2,0
30,188,74.0,4,1
21,172,51.7,2,0
51,160,50.5,5,1
28,166,45.9,1,0
53,164,63.8,3,1
59,166,99.6,1,0
39,175,59.3,4,1
56,174,54.9,2,0
55,192,69.1,4,1
27,160,88.6,3,0
27,162,54.2,4,1
38,193,113.9,1,0
49,166,55.2,5,1
27,186,63.4,2,0
57,177,60.3,5,1
57,187,62.5,1,0
51,174,64.7,4,1
35,178,54.2,2,0
40,165,65.5,4,1
53,187,119.3,2,0
36,172,63.4,5,1
40,170,46.5,1,0
25,172,72.0,3,1
43,184,51.5,2,0
57,166,67.0,4,1
30,191,62.2,3,0
43,180,71.9,5,1
57,163,43.5,3,0
27,167,56.4,4,1
32,161,45.6,3,0
53,175,64.0,5,1
43,191,67.1,1,0
44,193,73.9,5,1
33,184,103.4,3,0
59,179,59.5,4,1
54,187,111.9,2,0
45,189,69.1,4,1
51,167,87.4,2,0
28,192,74.7,3,1
24,162,47.6,1,0
32,192,75.5,3,1
36,164,101.6,1,0
40,166,55.2,3,1
20,163,47.7,2,0
51,168,59.3,3,1
32,182,52.3,2,0
59,155,47.0,4,1
34,181,106.5,3,0
43,192,87.0,3,1
26,158,62.6,3,0
48,185,79.8,5,1
51,178,52.6,3,0
30,169,60.9,4,1
47,190,122.6,1,0
29,175,64.8,5,1
48,177,48.7,1,0
38,169,62.0,3,1
30,173,82.3,3,0
24,158,52.2,4,1
22,164,44.5,1,0
27,164,62.0,5,1
38,162,98.4,1,0
47,175,58.2,3,1
22,185,56.2,3,0
36,190,79.8,3,1
31,187,123.4,2,0
27,185,82.8,3,1
24,181,121.4,2,0
40,174,66.6,3,1
45,159,82.3,1,0
46,173,63.1,3,1
20,175,50.0,3,0
55,174,62.1,3,1
51,175,104.9,3,0
30,177,73.9,3,1
19,173,54.5,2,0
59,174,71.3,5,1
19,190,100.3,1,0
24,171,70.6,3,1
21,192,94.9,1,0
26,158,54.9,4,1
22,172,99.7,1,0
47,178,75.2,5,1
34,155,38.9,1,0
52,176,73.1,3,1
29,174,47.9,2,0
49,193,81.1,4,1
49,181,57.0,1,0
35,162,58.3,4,1
51,161,42.3,3,0
26,163,53.3,5,1
52,172,87.3,3,0
37,179,77.5,4,1
31,176,49.3,2,0
21,169,59.9,3,1
24,185,99.8,2,0
55,166,60.0,4,1
27,169,107.9,3,0
58,185,81.9,5,1
56,188,115.8,3,0
51,169,53.4,4,1
54,186,92.5,3,0
20,166,59.5,3,1
24,167,47.0,1,0
23,173,63.2,4,1
26,181,87.8,3,0
52,157,52.6,3,1
57,189,112.8,1,0
21,168,52.4,4,1
34,190,58.0,2,0
30,156,50.2,5,1
43,176,49.7,2,0
29,178,77.1,5,1
56,167,93.7,1,0
27,187,73.6,4,1
33,189,59.3,2,0
24,164,60.6,4,1
20,162,39.6,2,0
23,186,78.4,4,1
33,179,54.1,3,0
23,177,60.1,4,1
55,156,43.9,1,0
46,162,58.2,3,1
39,159,38.2,1,0
47,185,69.8,5,1
59,172,77.9,3,0
51,182,72.4,3,1
58,170,44.4,3,0
37,178,71.7,4,1
44,180,51.4,3,0
55,159,62.0,4,1
32,186,60.2,1,0
56,158,53.6,3,1
28,187,64.3,1,0
56,185,70.9,4,1
44,190,64.2,3,0
52,189,80.9,5,1
18,179,56.3,3,0
19,172,55.9,3,1
27,159,78.4,1,0
48,164,54.5,4,1
38,160,46.4,2,0
43,175,69.6,4,1
43,162,88.4,1,0
33,191,70.8,5,1
48,167,46.1,2,0
44,192,80.0,4,1
55,179,57.6,3,0
55,175,61.6,4,1
38,174,99.5,1,0
46,163,50.7,4,1
27,183,58.5,2,0
54,176,76.1,3,1
57,183,85.9,3,0
31,187,76.8,3,1
44,178,57.9,3,0
45,182,76.5,3,1
22,161,74.4,2,0
19,179,74.8,5,1
18,177,85.8,1,0
20,160,56.8,4,1
19,172,52.8,3,0
41,174,68.4,3,1
18,184,53.2,3,0
41,176,69.6,3,1
43,167,43.8,3,0
34,169,55.7,3,1
51,165,85.5,3,0
22,189,69.9,5,1
35,188,56.6,3,0
56,157,49.7,3,1
43,187,53.7,3,0
24,186,85.4,4,1
53,186,100.1,3,0
47,190,70.1,3,1
33,173,80.3,3,0
54,190,70.6,3,1
35,170,49.8,3,0
56,183,62.8,3,1
34,170,48.4,2,0
54,156,55.8,4,1
31,187,64.2,3,0
37,156,46.7,5,1
54,172,48.2,2,0
29,189,79.2,4,1
59,186,63.0,2,0
26,187,75.3,4,1
26,183,57.4,2,0
59,183,76.5,4,1
56,170,109.1,2,0
59,192,68.6,4,1
37,179,56.8,2,0
50,182,66.3,4,1
22,159,94.9,1,0
20,184,67.3,3,1
20,180,84.7,2,0
20,158,52.8,3,1
56,189,63.6,2,0
58,185,76.0,4,1
49,172,92.5,2,0
42,188,79.8,5,1
23,157,76.8,1,0
23,166,58.2,4,1
28,193,100.6,2,0
39,184,67.2,5,1
47,162,47.2,1,0
36,159,52.3,5,1
40,181,106.9,3,0
59,183,71.0,3,1
50,173,85.3,3,0
24,180,63.6,3,1
59,182,50.5,2,0
32,167,52.1,5,1
40,187,96.7,2,0
33,167,69.4,4,1
18,192,133.8,2,0
59,178,70.7,3,1
25,182,51.9,2,0
23,168,58.3,4,1
43,193,67.7,3,0
24,194,72.0,3,1
38,164,47.5,2,0
42,167,68.3,4,1
51,189,93.2,3,0
23,173,57.5,5,1
26,166,77.7,1,0
18,181,60.7,3,1
35,166,42.1,3,0
39,190,89.8,4,1
46,189,61.3,2,0
58,170,69.7,5,1
19,178,47.6,2,0
46,157,55.9,3,1
18,157,90.4,3,0
38,155,50.6,4,1
23,190,55.1,2,0
20,166,65.3,4,1
39,177,56.0,1,0
52,181,63.8,5,1
50,193,93.9,3,0
28,177,63.1,3,1
44,189,117.1,1,0
38,183,77.3,3,1
55,174,95.5,2,0
23,157,55.8,5,1
22,167,43.9,3,0
52,166,64.4,4,1
39,193,59.1,1,0
37,185,67.8,4,1
50,162,88.4,2,0
29,167,66.8,5,1
42,186,90.0,1,0
57,177,60.0,3,1
49,169,95.1,1,0
27,178,74.9,4,1
24,158,66.5,3,0
43,172,63.3,3,1
31,169,47.8,3,0
34,168,61.8,4,1
36,193,132.1,2,0
50,193,82.1,3,1
50,186,57.7,2,0
52,191,79.8,3,1
21,164,42.5,2,0
47,170,66.2,5,1
33,194,57.5,2,0
53,171,57.5,4,1
41,181,90.7,1,0
55,157,53.3,5,1
50,155,43.8,3,0
43,168,64.6,5,1
48,178,90.8,1,0
31,194,75.3,4,1
41,181,121.2,2,0
35,191,83.9,5,1
25,174,96.5,1,0
45,189,74.8,5,1
48,193,107.7,3,0
48,191,72.2,3,1
43,156,81.0,2,0
55,177,75.0,5,1
28,182,53.8,3,0
54,172,57.9,4,1
31,164,46.1,3,0
56,168,61.3,5,1
56,179,56.2,2,0
38,186,69.5,3,1
22,158,38.0,3,0
52,191,82.7,4,1
50,162,45.0,3,0
51,160,56.0,5,1
29,190,61.2,3,0
46,171,63.4,4,1
45,168,100.0,2,0
41,160,51.6,3,1
41,192,65.1,2,0
41,155,58.6,3,1
45,194,113.8,3,0
39,189,83.6,4,1
45,172,104.3,2,0
25,158,51.8,3,1
50,188,54.9,2,0
54,188,73.6,5,1
56,182,90.4,2,0
35,179,71.1,3,1
20,185,55.8,3,0
57,157,51.8,5,1
24,188,122.4,3,0
35,179,74.0,3,1
36,193,109.5,2,0
21,173,67.2,3,1
31,187,108.9,3,0
54,172,70.7,4,1
29,160,39.2,3,0
47,156,59.5,4,1
46,187,131.1,1,0
50,160,50.6,3,1
36,186,60.9,2,0
57,186,83.2,4,1
25,188,122.6,3,0
32,174,69.5,5,1
41,188,124.3,3,0
52,192,81.5,3,1
44,182,105.5,3,0
34,187,76.4,4,1
33,183,53.4,1,0
38,175,58.3,4,1
30,155,73.4,2,0
26,157,56.4,4,1
42,179,55.9,1,0
43,168,65.7,3,1
21,184,89.3,3,0
55,177,66.3,5,1
39,183,61.4,3,0
56,166,51.2,5,1
56,180,54.6,1,0
53,179,68.8,3,1
19,167,79.0,3,0
32,185,74.3,3,1
37,166,75.8,2,0
44,179,60.1,3,1
48,191,66.7,1,0
45,179,72.5,5,1
56,161,44.4,3,0
54,176,59.1,3,1
44,187,132.5,2,0
44,162,56.0,4,1
46,174,101.7,2,0
55,183,82.1,4,1
48,166,43.1,2,0
29,186,84.3,4,1
32,186,126.4,3,0
51,192,82.0,3,1
22,172,104.1,2,0
39,185,83.9,3,1
29,182,56.6,1,0
46,170,66.6,4,1
25,174,99.1,2,0
28,194,80.0,5,1
51,161,39.7,2,0
24,179,74.1,5,1
55,174,86.1,2,0
34,164,58.1,4,1
44,190,63.1,2,0
23,188,82.4,3,1
57,194,63.2,3,0
35,173,74.0,4,1
56,166,42.0,1,0
53,175,59.2,5,1
42,161,91.1,3,0
50,161,55.8,5,1
26,166,79.2,1,0
30,177,65.0,3,1
56,178,56.0,3,0
48,183,66.9,3,1
48,156,77.8,3,0
21,165,58.6,3,1
33,193,141.5,3,0
24,192,76.7,3,1
19,165,49.4,1,0
56,173,68.2,3,1
56,156,41.5,1,0
54,182,72.3,3,1
42,187,110.3,2,0
45,165,56.2,3,1
54,174,48.4,2,0
48,181,72.2,4,1
46,190,101.5,1,0
42,156,54.0,3,1
21,190,95.7,1,0
42,180,71.6,3,1
31,190,136.0,1,0
45,162,58.1,3,1
36,187,127.1,2,0
39,181,75.7,3,1
43,167,86.2,3,0
47,189,72.3,4,1
29,182,121.6,1,0
38,177,65.3,5,1
51,164,95.9,3,0
40,181,76.6,3,1
54,160,44.3,1,0
32,180,64.1,4,1
23,189,127.3,2,0
29,192,84.5,4,1
56,161,42.5,1,0
35,178,67.9,5,1
58,164,44.5,3,0
48,160,62.0,5,1
28,169,98.3,3,0
24,169,68.6,3,1
41,156,74.1,3,0
55,184,65.6,5,1
18,188,57.3,1,0
40,175,71.5,5,1
29,176,109.4,1,0
41,168,68.0,5,1
41,185,58.0,2,0
43,156,53.2,4,1
18,165,48.8,1,0
56,182,75.7,5,1
27,168,81.0,2,0
49,180,73.7,3,1
59,156,39.0,3,0
26,176,66.4,3,1
18,163,74.9,1,0
21,163,53.1,4,1
35,166,69.3,3,0
24,170,58.9,3,1
54,193,66.4,2,0
39,162,50.1,3,1
19,184,56.2,1,0
27,178,61.8,3,1
21,167,50.8,2,0
50,173,70.5,5,1
56,164,91.0,3,0
32,189,75.4,3,1
39,177,47.9,3,0
58,160,56.7,5,1
26,187,54.4,2,0
58,183,74.0,3,1
32,162,69.5,2,0
33,176,69.3,5,1
57,192,113.9,2,0
59,193,77.4,5,1
38,155,68.6,2,0
40,188,83.6,3,1
51,193,66.3,1,0
18,159,54.3,3,1
45,185,63.0,1,0
51,167,61.9,4,1
49,189,60.1,3,0
26,164,63.9,3,1
22,160,64.4,1,0
19,191,68.8,4,1
42,157,77.1,2,0
27,184,78.8,4,1
19,184,94.0,1,0
25,167,58.5,4,1
22,173,48.6,3,0
37,174,73.7,3,1
27,188,54.0,3,0
59,158,54.3,4,1
31,158,39.4,3,0
23,183,75.4,4,1
42,194,112.2,2,0
42,173,71.0,4,1
58,190,108.7,2,0
33,163,65.4,5,1
58,167,81.9,3,0
58,156,47.8,4,1
57,182,83.2,3,0
21,189,85.6,5,1
28,168,83.7,3,0
19,165,58.4,5,1
46,172,52.8,2,0
48,194,69.7,4,1
47,179,88.4,3,0
20,157,57.7,4,1
34,190,130.2,2,0
38,166,68.2,5,1
37,189,106.9,3,0
57,192,77.9,5,1
38,174,54.5,1,0
21,166,55.9,4,1
55,167,75.5,3,0
30,167,57.3,3,1
19,164,47.3,1,0
31,174,57.4,3,1
34,178,49.0,3,0
33,156,48.8,5,1
25,157,90.1,3,0
50,184,83.3,5,1
35,182,51.1,1,0
32,161,49.8,4,1
55,165,81.5,2,0
41,173,59.1,3,1
25,179,57.2,1,0
42,162,51.2,3,1
32,155,62.7,2,0
58,172,72.0,3,1
56,155,36.4,1,0
24,173,62.1,3,1
32,189,94.0,1,0
20,163,62.9,5,1
43,156,61.5,1,0
30,182,62.8,3,1
55,190,64.2,1,0
57,169,53.6,4,1
21,187,52.5,2,0
53,174,68.3,3,1
28,166,104.6,1,0
37,179,75.4,3,1
28,163,41.2,3,0
49,168,55.9,3,1
25,159,42.5,1,0
47,170,68.3,4,1
18,180,120.7,3,0
33,168,63.7,5,1
32,173,84.2,3,0
40,162,55.8,4,1
59,183,108.7,1,0
43,171,54.3,5,1
30,156,61.4,3,0
39,169,53.5,5,1
26,182,84.7,3,0
54,183,62.9,4,1
56,160,70.7,3,0
27,174,62.1,5,1
58,164,101.1,2,0
54,157,52.0,5,1
38,191,66.0,3,0
59,182,63.7,3,1
57,176,94.0,1,0
33,176,62.8,4,1
35,161,83.5,3,0
40,186,64.1,5,1
26,185,59.1,3,0
50,175,71.8,4,1
49,189,130.7,1,0
38,187,71.5,5,1
50,182,121.1,3,0
31,173,65.3,5,1
23,163,91.6,2,0
45,163,59.5,3,1
23,168,44.9,3,0
29,173,70.8,4,1
36,178,120.1,2,0
53,183,67.0,3,1
46,158,39.4,2,0
42,160,57.3,5,1
44,179,111.7,3,0
20,158,48.3,5,1
32,162,41.7,2,0
56,164,51.2,3,1
58,173,46.8,3,0
48,193,79.8,3,1
40,194,67.4,3,0
22,171,71.6,5,1
32,167,80.7,1,0
26,158,55.3,4,1
33,187,57.7,3,0
48,182,71.3,5,1
31,179,114.2,3,0
53,178,64.4,4,1
47,181,54.5,1,0
18,176,69.8,5,1
34,190,66.2,1,0
26,165,56.0,3,1
23,167,44.9,3,0
44,168,60.3,4,1
22,190,97.2,2,0
34,184,72.0,3,1
18,155,77.9,1,0
45,187,76.5,3,1
47,162,84.5,1,0
41,160,49.1,3,1
18,186,58.8,3,0
46,156,57.5,3,1
53,171,75.8,3,0
21,171,54.7,4,1
59,169,81.2,2,0
41,170,65.6,3,1
41,178,88.8,1,0
45,169,54.1,5,1
39,164,75.5,2,0
48,186,76.3,5,1
52,175,48.4,3,0
42,185,66.4,4,1
34,165,84.2,1,0
44,191,82.6,5,1
21,170,78.6,3,0
34,180,64.0,4,1
45,155,72.2,1,0
57,192,71.8,3,1
30,165,99.9,2,0
25,167,53.8,5,1
41,157,40.0,1,0
36,194,88.4,3,1
40,156,42.2,2,0
33,165,55.4,5,1
48,168,45.0,1,0
43,160,58.7,3,1
34,185,106.4,1,0
53,190,78.2,5,1
34,193,114.8,1,0
38,173,64.7,4,1
20,186,60.3,2,0
45,158,54.6,5,1
27,177,50.0,2,0
48,155,58.2,3,1
36,183,50.3,2,0
43,158,53.4,4,1
44,187,56.5,1,0
40,158,56.6,5,1
48,175,94.8,3,0
58,183,83.4,5,1
18,173,55.0,1,0
31,170,63.8,4,1
29,192,64.0,2,0
48,170,53.8,4,1
50,167,49.9,3,0
30,157,47.1,4,1
45,173,49.9,2,0
50,159,62.3,3,1
24,178,56.8,2,0
35,186,65.7,5,1
50,159,45.4,2,0
22,187,70.9,4,1
51,180,91.7,2,0
50,187,68.9,3,1
43,177,92.1,1,0
59,163,50.1,5,1
43,163,99.5,2,0
20,188,78.6,3,1
30,156,38.7,1,0
39,165,58.3,3,1
56,174,53.9,1,0
50,156,57.0,4,1
58,183,117.7,2,0
37,157,47.3,4,1
43,190,64.7,1,0
50,181,71.3,4,1
43,186,116.3,3,0
50,185,74.3,5,1
41,162,93.6,2,0
36,174,68.1,3,1
27,170,43.4,1,0
33,187,79.7,3,1
39,163,90.8,1,0
25,170,67.0,5,1
50,155,39.7,3,0
33,172,73.6,3,1
36,162,39.5,3,0
57,173,58.8,3,1
48,187,63.3,3,0
33,192,87.2,4,1
42,186,97.5,1,0
33,166,64.1,5,1
42,167,50.0,3,0
52,187,76.2,4,1
26,172,102.8,1,0
34,188,85.4,3,1
31,157,37.3,1,0
40,181,61.1,3,1
30,170,43.8,1,0
39,171,63.7,3,1
26,156,42.9,2,0
30,162,61.2,3,1
29,158,38.4,3,0
24,177,70.4,3,1
22,171,47.0,1,0
19,164,64.7,5,1
30,167,81.4,3,0
35,190,80.1,5,1
50,183,95.3,3,0
20,161,57.6,5,1
57,157,37.8,3,0
55,194,89.8,4,1
45,185,54.3,1,0
58,180,78.6,3,1
37,167,51.3,3,0
31,194,70.8,5,1
21,184,57.0,1,0
31,164,51.0,3,1
40,181,56.9,1,0
36,155,44.5,4,1
46,156,37.7,1,0
25,176,60.1,3,1
43,156,37.2,2,0
36,182,73.6,3,1
43,185,54.8,2,0
42,156,59.4,3,1
29,163,97.1,1,0
59,176,76.4,4,1
23,172,97.6,1,0
24,171,64.0,4,1
30,177,52.4,1,0
22,189,66.7,5,1
54,161,79.5,2,0
23,162,53.4,5,1
57,161,76.3,1,0
38,155,50.5,3,1
50,158,42.6,3,0
45,160,61.4,3,1
40,187,52.9,2,0
30,166,57.7,5,1
45,182,59.3,2,0
56,172,62.9,5,1
54,156,44.3,3,0
49,172,61.9,5,1
24,189,64.0,1,0
21,179,67.6,4,1
48,158,37.7,1,0
20,191,88.6,3,1
31,189,92.4,3,0
30,170,54.1,3,1
53,184,95.6,3,0
54,156,53.9,5,1
30,194,103.7,3,0
33,160,53.5,4,1
35,158,62.7,3,0
24,194,91.1,4,1
32,183,100.6,1,0
23,192,85.8,4,1
34,178,83.5,3,0
33,169,60.0,5,1
54,181,100.7,3,0
45,193,85.7,3,1
29,169,46.9,3,0
36,177,74.1,3,1
46,178,112.6,3,0
33,192,85.5,5,1
18,161,38.9,2,0
40,183,70.8,3,1
24,166,50.4,3,0
34,190,81.4,4,1
44,194,58.6,3,0
32,160,54.7,5,1
30,183,122.4,3,0
27,171,61.2,3,1
47,164,77.0,3,0
24,180,72.4,4,1
20,192,124.2,3,0
47,161,57.7,5,1
21,183,84.9,2,0
46,180,79.3,3,1
44,184,58.1,2,0
24,163,62.0,4,1
30,169,50.7,3,0
44,162,53.8,4,1
30,183,55.4,3,0
58,184,67.6,5,1
19,156,67.5,3,0
37,179,74.0,4,1
28,183,61.5,1,0
19,178,72.3,4,1
31,158,75.4,2,0
25,156,57.5,4,1
27,175,86.5,2,0
46,188,84.1,3,1
25,161,76.7,3,0
59,183,80.7,3,1
20,172,47.1,3,0
34,155,48.6,4,1
43,169,43.8,3,0
48,189,76.9,5,1
36,179,55.8,1,0
45,155,50.0,3,1
42,176,102.9,2,0
38,191,71.1,4,1
24,170,93.7,3,0
51,187,81.1,3,1
40,176,106.9,3,0
59,183,82.3,5,1
34,163,97.3,3,0
50,185,81.9,4,1
39,167,91.0,2,0
28,178,77.0,4,1
18,180,97.4,3,0
21,182,74.1,5,1
53,156,82.5,2,0
59,171,63.1,5,1
19,193,133.2,1,0
35,177,70.6,5,1
56,158,39.9,3,0
43,190,72.2,3,1
29,156,75.9,2,0
22,158,56.0,3,1
39,181,87.0,1,0
27,160,56.4,3,1
23,179,108.1,3,0
49,189,82.4,4,1
33,173,46.2,1,0
47,193,69.4,5,1
36,189,118.1,2,0
43,194,75.4,5,1
23,155,38.0,1,0
36,183,83.3,3,1
24,171,92.9,3,0
23,171,67.1,4,1
43,170,94.1,3,0
49,160,47.4,3,1
35,191,122.7,1,0
18,179,65.5,4,1
37,161,65.3,1,0
37,180,71.6,4,1
29,175,111.3,2,0
24,189,73.9,4,1
52,179,85.3,3,0
23,169,58.6,5,1
46,186,58.3,2,0
21,176,60.3,3,1
41,156,39.9,3,0
54,191,81.3,5,1
52,177,118.2,2,0
53,187,87.0,3,1
57,161,91.5,2,0
48,166,51.4,5,1
27,193,63.5,3,0
31,165,51.6,4,1
46,163,72.1,3,0
34,163,59.5,4,1
41,163,91.4,2,0
28,166,66.9,4,1
30,166,103.6,1,0
54,166,65.6,3,1
57,156,61.5,1,0
39,159,47.4,4,1
55,173,52.6,2,0
35,180,60.5,4,1
20,177,81.5,3,0
44,193,73.3,3,1
54,184,114.2,1,0
53,194,80.8,4,1
23,159,77.4,1,0
21,162,51.4,3,1
38,180,57.7,3,0
43,187,81.5,5,1
23,162,87.7,3,0
26,164,59.2,4,1
36,183,90.6,1,0
33,170,61.9,3,1
21,188,60.8,2,0
24,176,58.6,3,1
48,184,108.3,2,0
51,165,54.3,5,1
56,162,76.7,3,0
40,166,65.6,5,1
45,176,56.7,3,0
24,160,63.2,5,1
53,163,86.4,3,0
46,178,75.0,3,1
59,180,116.1,3,0
54,172,64.4,4,1
18,158,45.8,3,0
43,162,58.1,3,1
20,186,97.9,2,0
23,190,73.0,5,1
22,167,44.8,2,0
28,162,53.0,4,1
20,190,54.4,3,0
44,182,70.1,3,1
50,168,74.9,2,0
24,169,54.9,5,1
30,163,91.9,3,0
41,187,69.3,3,1
40,185,109.3,3,0
47,193,76.3,5,1
33,160,64.8,1,0
57,183,76.5,4,1
50,193,68.0,1,0
41,169,58.6,5,1
54,161,65.4,1,0
57,171,62.9,3,1
44,155,44.0,1,0
24,155,49.3,5,1
32,185,54.6,3,0
23,183,64.4,4,1
41,171,97.9,3,0
59,193,76.5,3,1
38,172,47.0,3,0
29,175,69.6,5,1
43,162,43.3,1,0
57,179,77.9,3,1
52,191,61.4,2,0
21,174,70.2,3,1
41,174,52.4,3,0
53,192,87.4,5,1
40,166,42.4,1,0
38,169,60.3,5,1
59,158,44.0,3,0
26,161,49.3,3,1
22,165,42.7,2,0
47,158,49.4,4,1
20,175,89.7,1,0
26,174,60.2,4,1
36,157,44.4,1,0
40,188,82.6,3,1
32,157,61.9,3,0
28,191,69.0,3,1
18,157,77.6,3,0
47,164,64.9,3,1
39,169,89.5,1,0
40,155,53.2,5,1
31,162,48.1,3,0
18,182,71.9,5,1
35,188,104.2,3,0
25,173,64.3,4,1
39,183,101.5,3,0
20,173,64.1,5,1
28,180,57.7,1,0
26,188,72.3,5,1
18,166,96.4,2,0
51,188,75.4,5,1
43,170,52.7,2,0
36,162,64.7,5,1
55,183,94.7,3,0
45,180,62.8,5,1
19,157,72.1,3,0
45,171,64.1,3,1
40,174,114.5,3,0
34,182,70.1,4,1
39,191,116.0,1,0
29,156,45.2,4,1
39,171,75.5,3,0
34,182,68.7,4,1
55,187,55.6,3,0
39,184,67.3,3,1
51,188,108.0,3,0
25,193,81.4,3,1
45,191,130.3,1,0
19,185,79.2,4,1
29,166,92.7,2,0
28,167,54.3,4,1
25,174,114.3,2,0
25,167,62.1,5,1
40,169,90.6,1,0
53,157,53.2,3,1
36,156,42.7,2,0
45,181,68.2,5,1
53,192,102.2,3,0
47,175,72.5,5,1
43,176,47.2,2,0
26,171,71.1,5,1
56,176,50.8,2,0
22,163,53.9,4,1
59,184,60.7,1,0
36,162,48.8,4,1
52,185,52.4,1,0
49,192,83.0,4,1
37,172,45.6,2,0
56,162,62.7,4,1
31,159,68.3,1,0
24,170,55.1,4,1
31,187,56.0,3,0
49,157,49.3,4,1
23,178,115.4,3,0
49,160,61.2,3,1
29,181,49.2,3,0
30,194,91.8,3,1
58,167,49.9,2,0
53,172,58.2,4,1
35,186,127.9,1,0
34,163,64.8,4,1
25,191,55.5,2,0
24,180,77.8,4,1
28,168,77.9,1,0
46,177,70.7,5,1
30,166,47.6,2,0
28,185,67.0,4,1
59,179,93.4,2,0
55,160,58.8,5,1
21,158,68.1,3,0
26,162,58.3,5,1
38,166,44.8,2,0
31,184,77.5,3,1
55,180,89.2,2,0
23,194,89.6,3,1
42,186,119.5,1,0
48,191,82.7,3,1
55,177,112.8,3,0
29,167,55.7,4,1
23,192,123.0,1,0
25,194,78.5,5,1
53,189,57.4,3,0
39,159,61.8,4,1
37,187,124.9,2,0
24,192,76.2,4,1
59,176,55.4,2,0
32,185,77.3,5,1
42,179,55.3,2,0
39,177,60.3,3,1
32,155,39.3,1,0
53,176,70.9,3,1
26,179,56.5,3,0
31,186,82.1,3,1
52,155,81.3,3,0
45,170,55.3,3,1
38,171,94.5,1,0
32,166,63.8,3,1
32,188,59.7,1,0
22,177,73.2,4,1
34,173,45.4,2,0
23,187,78.1,5,1
40,164,42.8,3,0
59,181,68.6,4,1
24,161,88.7,3,0
26,174,66.1,4,1
33,171,50.8,2,0
25,175,75.8,4,1
26,157,78.2,2,0
51,162,62.3,5,1
31,194,140.6,2,0
40,177,69.6,5,1
41,182,90.5,2,0
30,163,63.7,3,1
44,183,106.2,3,0
51,166,64.4,5,1
50,167,86.8,3,0
18,159,56.9,4,1
22,186,103.5,2,0
38,164,61.8,5,1
38,179,118.0,3,0
39,158,58.5,4,1
45,185,117.4,2,0
41,171,69.1,4,1
22,183,94.1,1,0
44,178,70.8,5,1
25,156,39.8,1,0
49,155,58.2,5,1
27,180,56.4,1,0
40,164,63.1,3,1
43,183,124.6,2,0
59,159,47.3,3,1
41,192,60.4,1,0
19,156,57.2,4,1
51,174,50.5,1,0
59,159,51.9,3,1
51,163,98.7,1,0
52,183,67.9,5,1
25,155,68.4,1,0
41,182,77.6,3,1
54,174,47.5,1,0
20,155,47.4,3,1
43,171,90.6,3,0
30,159,51.8,3,1
42,158,92.7,1,0
23,181,78.0,4,1
20,187,127.3,2,0
31,157,52.0,4,1
20,176,54.8,2,0
58,187,66.1,5,1
49,165,43.9,2,0
57,189,75.1,3,1
53,173,95.1,3,0
58,179,69.0,5,1
37,182,85.2,3,0
57,160,57.6,5,1
38,167,88.3,1,0
35,185,74.0,4,1
54,175,109.7,3,0
48,183,78.5,5,1
43,174,114.6,2,0
40,183,72.8,5,1
27,169,44.6,3,0
22,159,49.1,4,1
43,162,44.0,2,0
54,158,50.8,3,1
53,160,46.2,2,0
27,190,81.7,4,1
53,167,47.0,3,0
22,160,60.5,3,1
53,187,125.9,1,0
49,180,70.2,4,1
34,161,73.7,3,0
18,179,77.8,3,1
34,162,90.4,3,0
39,170,64.9,4,1
20,181,50.0,3,0
31,192,87.3,5,1
50,181,57.1,1,0
49,160,52.4,4,1
21,183,60.3,2,0
44,190,87.1,3,1
33,165,44.1,2,0
45,163,63.4,4,1
25,181,50.4,3,0
19,168,56.6,4,1
49,182,58.5,1,0
29,162,56.8,5,1
44,172,44.9,3,0
26,193,77.9,4,1
24,161,73.8,2,0
24,175,75.3,3,1
48,177,48.0,1,0
44,158,54.0,5,1
59,157,39.4,3,0
27,176,59.2,3,1
38,190,56.6,2,0
37,161,55.7,3,1
30,157,66.2,1,0
24,159,50.2,4,1
49,167,50.8,1,0
45,174,72.1,4,1
56,165,77.4,1,0
37,160,49.1,4,1
40,174,99.4,2,0
31,190,87.3,4,1
39,170,104.5,2,0
42,185,82.4,3,1
50,185,115.0,1,0
21,158,53.5,3,1
26,184,61.4,1,0
40,170,62.1,4,1
50,192,62.7,3,0
18,163,55.5,4,1
20,178,79.5,3,0
40,171,54.1,3,1
57,190,60.3,1,0
23,182,75.0,3,1
56,192,60.7,1,0
35,166,60.6,4,1
55,169,94.0,3,0
54,185,84.3,5,1
35,171,80.3,1,0
51,171,58.2,4,1
30,193,106.9,1,0
29,182,64.9,3,1
51,177,57.3,3,0
28,187,74.6,3,1
31,163,40.2,3,0
45,172,55.6,3,1
40,176,51.2,3,0
18,157,50.9,4,1
47,156,81.2,2,0
59,159,59.5,4,1
32,174,46.2,2,0
44,180,72.8,4,1
53,194,62.7,3,0
19,155,45.2,4,1
39,172,46.0,2,0
38,170,63.6,3,1
38,167,98.9,3,0
21,176,72.5,3,1
27,156,37.6,2,0
40,184,73.4,4,1
27,167,88.6,1,0
51,193,84.5,3,1
32,158,69.1,1,0
41,182,70.8,5,1
18,188,120.0,2,0
41,193,79.0,4,1
30,191,106.9,2,0
34,158,52.3,5,1
54,156,37.4,2,0
20,159,61.9,3,1
59,173,105.6,1,0
57,164,51.4,5,1
23,156,42.1,1,0
24,183,66.3,5,1
50,162,47.9,1,0
41,180,67.7,3,1
56,157,79.6,3,0
20,178,64.8,4,1
59,181,55.6,3,0
23,173,62.8,4,1
39,175,82.2,2,0
44,161,55.9,5,1
40,167,81.1,1,0
20,180,69.5,4,1
20,155,90.3,3,0
30,168,59.9,5,1
57,158,79.7,3,0
50,161,51.5,5,1
44,168,44.0,2,0
27,178,69.9,4,1
39,163,81.0,1,0
54,160,50.9,5,1
53,179,55.9,2,0
22,162,50.9,4,1
41,194,103.2,3,0
20,191,84.9,4,1
33,177,52.4,2,0
25,192,69.0,5,1
42,170,85.4,3,0
30,161,61.9,4,1
21,156,85.2,2,0
29,173,60.0,3,1
34,170,49.6,3,0
26,166,62.6,5,1
19,165,90.5,1,0
37,193,73.2,4,1
51,173,94.8,3,0
53,171,71.1,3,1
37,182,50.8,3,0
25,186,64.0,3,1
26,174,50.7,1,0
47,174,67.1,3,1
22,189,125.8,2,0
31,179,70.8,4,1
52,161,44.4,1,0
53,168,52.8,5,1
59,191,63.4,2,0
21,190,81.8,3,1
27,175,53.0,1,0
35,170,60.2,4,1
32,193,122.4,1,0
53,167,67.5,5,1
58,176,47.7,2,0
59,166,64.9,3,1
34,182,57.0,3,0
32,192,88.7,4,1
25,160,76.2,1,0
23,180,74.3,3,1
54,168,45.6,3,0
45,172,68.2,4,1
49,176,52.8,2,0
28,187,81.1,4,1
34,194,63.7,3,0
33,167,67.5,5,1
40,166,98.0,2,0
33,170,71.4,3,1
26,180,82.8,1,0
31,166,60.8,3,1
49,192,135.8,2,0
37,186,71.3,3,1
33,192,114.8,2,0
31,176,76.1,5,1
32,186,58.3,1,0
44,189,79.3,4,1
18,185,55.0,2,0
40,177,60.1,4,1
42,170,51.9,1,0
49,178,72.0,5,1
21,188,59.2,2,0
43,180,65.2,5,1
27,177,54.1,2,0
44,160,61.4,4,1
45,182,108.6,1,0
22,165,60.3,5,1
19,169,87.9,2,0
52,188,84.2,5,1
40,173,98.3,2,0
56,171,70.4,5,1
49,193,108.9,3,0
46,160,49.4,3,1
31,178,55.2,3,0
49,190,70.9,4,1
44,173,53.7,3,0
21,165,62.6,3,1
25,188,89.0,2,0
38,184,75.7,5,1
25,193,93.5,3,0
33,167,67.5,5,1
39,186,130.8,2,0
50,180,67.1,5,1
22,187,126.8,1,0
34,155,47.9,4,1
48,162,43.6,3,0
56,182,74.9,3,1
33,167,46.2,2,0
51,173,61.4,3,1
35,162,81.1,2,0
37,167,64.9,5,1
36,191,95.3,2,0
56,190,81.4,5,1
20,187,88.4,3,0
41,169,66.9,4,1
31,160,44.6,2,0
34,170,57.6,3,1
44,187,57.4,1,0
53,171,64.1,5,1
51,162,77.1,2,0
40,189,73.4,3,1
34,173,47.8,2,0
19,193,84.9,4,1
49,175,53.8,3,0
39,167,54.2,4,1
31,192,113.0,1,0
53,190,78.0,3,1
47,178,102.6,3,0
43,167,60.0,5,1
22,167,98.0,2,0
44,179,76.6,3,1
35,193,106.7,1,0
33,170,61.5,3,1
52,183,104.4,2,0
32,155,51.3,4,1
42,156,36.7,2,0
47,169,68.6,5,1
24,165,46.6,3,0
27,171,61.1,5,1
21,189,63.9,1,0
58,167,62.8,3,1
53,162,81.3,1,0
38,181,64.8,5,1
52,194,60.4,1,0
25,165,61.6,5,1
41,175,51.2,3,0
19,184,82.3,5,1
46,192,61.6,2,0
32,177,63.6,3,1
46,162,39.5,1,0
18,174,65.9,3,1
25,181,101.1,1,0
36,172,62.7,3,1
44,161,72.0,3,0
53,173,60.5,5,1
26,174,53.1,2,0
38,187,85.4,4,1
51,163,86.7,2,0
28,171,66.9,5,1
33,187,129.5,3,0
54,180,66.4,4,1
47,182,116.4,1,0
58,181,61.5,5,1
59,175,93.7,2,0
32,171,68.1,3,1
30,187,53.7,2,0
31,177,68.4,4,1
28,167,47.3,3,0
53,171,60.8,4,1
55,161,45.4,3,0
47,160,48.6,3,1
31,172,44.8,2,0
29,172,60.1,3,1
57,178,52.7,1,0
40,167,61.5,3,1
31,168,99.4,3,0
43,180,76.8,3,1
32,175,49.0,2,0
19,173,58.6,5,1
42,168,83.4,2,0
55,184,83.6,3,1
53,188,98.8,2,0
48,156,53.3,3,1
37,168,50.2,1,0
55,180,75.9,4,1
21,161,46.6,3,0
57,187,64.7,4,1
27,182,108.7,1,0
45,187,77.1,5,1
32,157,81.9,1,0
21,180,76.4,4,1
34,189,62.2,3,0
38,169,56.4,4,1
38,175,49.2,1,0
56,163,62.9,3,1
25,188,111.6,1,0
55,188,74.3,4,1
40,176,46.9,3,0
56,174,74.4,3,1
21,178,102.0,2,0
40,169,64.6,4,1
52,193,122.2,1,0
58,192,76.4,5,1
56,158,44.6,1,0
31,165,67.6,4,1
31,178,97.0,3,0
33,192,82.9,4,1
51,162,41.7,2,0
58,169,71.0,4,1
29,177,114.2,2,0
27,188,71.5,4,1
46,192,55.5,1,0
31,191,90.2,5,1
57,157,40.1,3,0
36,188,75.2,4,1
36,180,51.8,1,0
36,187,80.2,3,1
22,184,89.2,2,0
29,167,57.3,4,1
37,170,44.7,2,0
51,176,63.2,5,1
21,177,47.7,1,0
33,179,70.7,5,1
26,169,89.7,1,0
23,182,66.0,5,1
23,181,100.3,2,0
35,189,79.4,5,1
47,175,99.4,3,0
35,183,74.7,3,1
34,172,92.4,3,0
37,163,64.5,5,1
38,177,52.3,3,0
36,177,69.7,5,1
53,166,44.9,3,0
49,174,56.2,5,1
48,192,140.0,1,0
32,167,68.2,4,1
43,168,77.6,1,0
45,160,60.9,3,1
24,162,43.6,1,0
59,171,60.1,5,1
56,184,59.7,2,0
26,160,47.7,4,1
45,184,88.6,1,0
59,163,60.4,3,1
32,186,115.7,2,0
31,183,81.0,5,1
44,163,79.9,1,0
41,182,79.8,4,1
42,189,102.8,3,0
24,171,69.8,4,1
29,172,50.2,1,0
33,159,57.8,3,1
58,181,57.1,1,0
46,155,51.8,4,1
45,176,47.2,1,0
22,188,73.6,4,1
24,191,62.2,2,0
41,180,75.1,4,1
43,164,85.2,1,0
44,163,60.2,4,1
26,176,47.5,1,0
34,174,60.3,5,1
45,173,96.9,3,0
23,179,59.6,3,1
56,194,115.6,2,0
25,172,60.6,4,1
59,156,44.4,1,0
29,186,74.6,4,1
42,158,39.0,1,0
24,159,60.2,4,1
51,189,61.6,3,0
44,192,71.4,3,1
43,168,105.4,3,0
32,186,85.0,4,1
18,174,103.0,1,0
45,181,70.2,5,1
50,158,63.2,3,0
42,167,65.4,5,1
34,191,59.6,2,0
49,162,49.9,5,1
23,193,118.1,2,0
59,164,59.4,3,1
33,155,42.2,2,0
36,175,70.6,3,1
58,194,106.4,3,0
34,155,46.3,4,1
43,156,75.8,1,0
54,185,67.7,4,1
23,169,45.8,2,0
48,188,76.8,5,1
26,165,91.8,2,0
26,174,73.4,4,1
39,183,59.2,3,0
18,155,54.8,4,1
56,159,74.7,3,0
27,193,84.6,5,1
29,170,51.0,3,0
42,189,71.9,3,1
39,165,46.7,2,0
51,158,47.1,4,1
26,170,49.8,3,0
58,192,80.6,4,1
38,169,80.9,2,0
26,161,62.7,3,1
32,162,81.7,1,0
22,184,64.7,5,1
24,156,44.6,1,0
31,159,48.5,3,1
46,165,95.1,3,0
36,176,76.1,3,1
29,179,55.4,1,0
35,172,69.0,4,1
33,172,96.5,2,0
27,159,51.7,5,1
52,160,66.7,1,0
52,192,82.4,5,1
36,158,86.2,1,0
47,188,84.3,4,1
41,187,109.9,3,0
24,173,65.2,3,1
59,177,98.5,1,0
58,177,66.3,3,1
28,165,44.9,3,0
35,172,55.9,4,1
31,169,93.5,3,0
30,174,60.2,5,1
40,187,59.3,3,0
20,162,58.4,3,1
24,156,67.1,1,0
59,163,54.4,4,1
28,156,42.1,2,0
32,165,56.5,4,1
45,186,54.5,3,0
45,155,50.7,4,1
59,188,63.3,1,0
37,156,50.5,4,1
47,186,127.5,3,0
45,164,52.2,3,1
39,173,110.7,2,0
53,182,76.2,4,1
26,175,90.8,3,0
57,158,48.3,4,1
42,159,65.5,1,0
32,190,80.6,5,1
49,162,47.6,3,0
23,173,72.9,3,1
59,173,48.1,2,0
40,157,56.3,4,1
42,174,47.9,3,0
56,164,64.6,4,1
46,186,62.4,2,0
40,185,77.9,3,1
20,175,46.3,1,0
50,160,58.9,5,1
18,193,113.4,2,0
30,182,66.9,4,1
37,181,119.7,3,0
58,188,75.8,3,1
54,155,42.3,2,0
46,186,78.5,4,1
27,190,102.1,1,0
48,161,49.4,4,1
39,169,43.2,1,0
38,192,73.5,3,1
49,175,91.2,2,0
31,169,62.5,5,1
26,161,92.4,3,0
30,169,59.8,3,1
40,190,59.9,3,0
57,161,61.1,3,1
31,169,83.1,2,0
25,159,58.6,5,1
21,168,43.0,1,0
48,160,52.6,3,1
20,165,45.8,3,0
27,187,65.4,3,1
29,167,84.3,1,0
54,190,88.9,5,1
38,175,55.2,1,0
29,168,67.6,4,1
51,165,92.1,3,0
37,175,62.7,5,1
43,186,63.5,1,0
47,168,52.6,3,1
51,176,110.2,3,0
36,186,70.9,5,1
32,183,125.5,3,0
32,157,57.6,4,1
39,168,78.2,3,0
32,155,55.5,5,1
29,164,45.5,3,0
28,170,65.3,5,1
31,173,46.9,2,0
43,162,54.0,5,1
47,176,107.4,3,0
21,191,82.0,4,1
53,165,78.7,1,0
22,184,79.1,4,1
22,185,56.4,3,0
45,170,71.9,4,1
51,177,80.6,1,0
57,185,69.6,3,1
43,177,95.2,2,0
25,173,55.6,5,1
49,164,43.1,3,0
20,191,79.8,5,1
39,172,74.7,1,0
26,182,68.6,5,1
30,192,109.0,2,0
23,192,81.3,5,1
58,171,85.6,1,0
18,179,67.0,3,1
25,159,38.2,3,0
47,169,63.7,5,1
30,168,48.4,3,0
30,170,63.9,5,1
44,189,127.2,2,0
37,186,64.2,4,1
56,174,93.0,3,0
39,175,66.0,3,1
35,177,49.7,1,0
24,155,49.8,4,1
49,190,95.7,2,0
37,179,78.8,5,1
38,177,99.0,2,0
44,194,89.8,5,1
32,181,107.6,3,0
54,188,72.5,5,1
20,171,52.2,1,0
46,158,57.8,3,1
45,180,52.0,3,0
44,170,60.8,4,1
33,166,48.8,3,0
29,184,80.9,3,1
54,155,37.6,3,0
44,162,48.9,5,1
32,181,113.9,2,0
59,172,55.1,5,1
39,157,39.0,2,0
18,180,64.5,4,1
27,191,60.1,2,0
52,183,77.1,4,1
19,156,72.9,3,0
18,178,65.0,3,1
53,185,62.8,2,0
48,176,69.9,5,1
32,180,56.2,1,0
56,162,63.4,4,1
44,190,64.6,2,0
26,161,62.0,4,1
43,158,38.3,1,0
41,181,80.0,5,1
52,166,94.1,1,0
23,156,46.3,3,1
21,158,77.0,1,0
40,172,73.0,3,1
32,188,129.7,3,0
39,159,50.4,5,1
34,178,56.5,3,0
32,183,79.7,4,1
49,177,94.6,2,0
21,174,60.5,4,1
30,185,110.3,1,0
49,163,53.9,5,1
34,177,104.6,3,0
20,182,82.4,5,1
30,171,85.1,1,0
32,190,75.8,4,1
28,185,61.7,2,0
47,174,65.4,3,1
46,177,57.3,2,0
58,166,68.0,5,1
50,172,47.1,1,0
32,190,87.1,4,1
49,187,58.3,3,0
19,156,58.3,5,1
46,157,40.1,1,0
53,177,58.3,5,1
51,155,39.0,3,0
34,164,51.2,3,1
51,186,102.4,2,0
56,174,70.4,5,1
43,179,49.4,1,0
42,170,54.3,4,1
43,193,58.2,2,0
26,169,56.9,5,1
37,162,42.2,3,0
46,185,72.8,5,1
46,157,42.0,1,0
48,161,60.0,5,1
56,157,44.6,2,0
31,189,68.6,4,1
43,161,89.7,3,0
31,190,78.9,3,1
39,162,93.3,3,0
35,184,67.3,5,1
33,194,60.5,1,0
53,181,73.9,5,1
39,185,102.7,2,0
54,179,66.7,4,1
41,193,94.9,3,0
40,194,89.4,3,1
53,178,48.1,2,0
40,172,63.9,4,1
25,170,50.4,2,0
29,192,86.3,4,1
34,155,85.7,3,0
41,164,51.5,5,1
27,190,62.5,2,0
36,169,70.2,3,1
21,183,61.1,1,0
32,185,85.2,5,1
58,180,52.0,3,0
20,168,58.3,3,1
44,155,72.5,2,0
34,157,54.0,3,1
19,188,111.4,1,0
46,179,61.7,3,1
26,193,61.5,1,0
29,178,77.4,3,1
40,193,58.0,3,0
44,184,74.6,5,1
24,176,104.1,2,0
30,158,62.1,5,1
50,188,89.1,2,0
51,165,54.0,3,1
19,188,123.7,2,0
45,157,46.5,4,1
44,185,57.9,2,0
56,174,63.9,3,1
38,172,101.2,1,0
42,167,56.8,5,1
36,155,91.1,1,0
38,176,75.0,5,1
56,186,88.1,1,0
18,187,73.6,3,1
33,172,77.2,1,0
21,177,60.2,3,1
25,193,125.2,3,0
32,171,63.7,5,1
59,188,133.7,2,0
22,180,67.9,5,1
30,163,90.8,1,0
54,178,73.5,4,1
26,171,50.5,3,0
50,186,69.0,4,1
19,180,113.9,2,0
57,177,71.3,3,1
21,192,56.7,3,0
23,177,76.8,5,1
25,156,38.3,1,0
55,181,69.8,5,1
38,167,44.6,2,0
56,176,58.1,4,1
47,172,112.4,3,0
47,180,78.0,3,1
18,172,77.7,1,0
55,169,65.1,5,1
57,174,45.7,3,0
25,185,71.3,5,1
49,169,86.5,3,0
23,179,77.9,3,1
19,186,122.0,3,0
21,178,59.0,4,1
38,184,59.0,1,0
57,179,64.2,5,1
18,187,57.5,2,0
58,158,48.9,5,1
26,177,57.2,2,0
59,188,79.0,5,1
52,179,94.1,1,0
20,158,60.5,5,1
43,165,41.4,1,0
59,193,91.7,5,1
29,176,81.5,1,0
38,165,53.9,4,1
35,181,49.7,2,0
55,177,64.3,4,1
21,184,54.2,2,0
25,178,69.1,3,1
34,186,93.8,3,0
22,190,78.8,3,1
48,164,70.4,3,0
50,174,72.0,5,1
30,168,97.0,1,0
33,189,85.4,5,1
21,159,38.7,2,0
29,181,63.9,5,1
40,187,112.3,3,0
41,164,54.0,4,1
19,185,55.8,1,0
19,160,47.8,3,1
38,163,45.8,3,0
25,175,65.1,5,1
23,157,86.4,3,0
22,165,53.1,4,1
30,161,38.9,2,0
47,176,63.6,4,1
37,193,128.0,3,0
57,188,77.3,5,1
30,155,87.7,1,0
18,163,50.4,5,1
19,168,96.4,3,0
46,165,59.3,4,1
19,186,117.8,3,0
50,178,74.0,5,1
54,181,94.4,3,0
47,186,68.6,5,1
51,186,56.1,2,0
20,186,80.2,3,1
20,164,77.0,3,0
56,164,62.3,4,1
28,187,88.2,2,0
39,159,50.1,5,1
26,172,89.4,2,0
24,187,86.5,3,1
39,193,112.7,2,0
57,163,60.6,4,1
59,171,75.1,2,0
52,182,74.6,3,1
27,163,93.1,3,0
52,172,71.1,3,1
42,165,48.9,1,0
35,172,73.3,4,1
32,188,62.1,2,0
18,186,66.5,5,1
53,193,136.5,1,0
27,162,62.0,4,1
28,160,45.6,2,0
52,191,81.0,4,1
51,176,88.5,1,0
55,182,74.2,3,1
51,157,80.4,2,0
38,175,65.9,3,1
42,162,40.5,1,0
24,161,49.2,4,1
44,162,42.0,3,0
35,176,60.4,4,1
50,161,43.7,1,0
33,170,53.5,3,1
55,192,56.6,2,0
58,180,63.7,5,1
43,155,68.7,2,0
54,157,56.9,3,1
40,187,62.2,3,0
23,176,69.0,4,1
25,191,105.1,3,0
25,194,88.7,3,1
22,182,60.7,1,0
26,156,58.9,5,1
48,161,43.4,1,0
27,180,62.0,3,1
55,169,78.7,3,0
34,162,56.4,3,1
42,166,43.5,2,0
42,183,62.7,4,1
55,171,51.4,2,0
33,179,62.0,3,1
23,155,66.6,3,0
20,155,47.7,3,1
47,186,101.0,2,0
21,177,64.0,3,1
29,171,47.9,1,0
29,155,45.1,4,1
19,162,44.5,1,0
48,160,53.8,3,1
24,178,118.1,3,0
19,169,66.2,4,1
45,193,122.1,1,0
47,189,86.4,4,1
49,157,45.2,2,0
36,166,57.7,5,1
47,169,88.8,2,0
44,174,62.4,3,1
25,176,91.6,2,0
54,170,57.5,5,1
40,164,40.4,3,0
38,156,45.1,5,1
49,162,92.3,3,0
35,183,75.1,5,1
35,187,56.5,3,0
51,193,73.7,3,1
41,159,45.2,3,0
50,186,66.7,3,1
58,166,43.2,3,0
59,188,77.5,4,1
36,192,99.1,2,0
47,165,56.2,5,1
26,162,43.8,1,0
58,194,92.6,3,1
52,175,51.9,3,0
43,189,81.9,3,1
33,193,65.3,2,0
19,178,67.8,3,1
18,182,59.6,2,0
42,164,64.8,5,1
29,194,120.3,1,0
34,189,80.7,5,1
53,169,43.5,3,0
56,159,48.8,5,1
29,190,59.0,3,0
51,187,82.2,3,1
46,159,39.2,2,0
50,164,57.7,3,1
40,165,46.9,1,0
27,179,64.4,5,1
32,194,69.0,2,0
29,158,60.8,3,1
48,170,44.9,1,0
37,156,57.3,4,1
39,186,58.5,3,0
20,183,65.6,3,1
48,176,94.8,2,0
18,173,61.6,5,1
42,184,97.5,1,0
36,158,52.6,5,1
32,162,93.9,2,0
33,156,46.0,5,1
47,156,37.0,2,0
37,188,67.5,5,1
37,179,102.7,3,0
56,166,54.3,5,1
19,170,53.0,2,0
59,178,66.2,3,1
56,165,84.6,1,0
21,187,65.9,5,1
31,173,54.0,2,0
48,184,69.7,4,1
58,158,45.5,2,0
30,190,80.2,3,1
57,169,43.3,1,0
49,160,51.6,3,1
30,183,53.7,3,0
25,163,58.1,5,1
37,169,45.8,1,0
28,181,72.9,4,1
55,177,115.1,2,0
47,159,61.3,4,1
31,168,100.3,3,0
49,185,66.9,5,1
30,181,55.5,1,0
26,182,79.1,4,1
20,186,59.4,1,0
46,162,56.8,5,1
43,172,75.2,2,0
33,187,70.9,5,1
55,158,89.0,3,0
34,171,70.9,4,1
39,181,83.4,2,0
42,164,66.7,4,1
18,175,101.7,2,0
43,163,65.1,5,1
53,190,57.1,1,0
26,191,84.7,4,1
49,167,44.5,2,0
27,185,81.8,5,1
38,163,89.9,1,0
31,167,58.9,4,1
35,194,63.9,1,0
50,185,81.9,5,1
42,185,57.6,3,0
56,162,55.9,5,1
46,176,50.1,1,0
59,171,58.2,4,1
55,191,65.4,2,0
25,175,59.9,4,1
52,169,46.7,1,0
21,176,70.0,4,1
44,169,93.4,2,0
55,163,61.4,3,1
32,174,49.4,1,0
33,165,63.5,3,1
27,172,52.3,3,0
45,160,52.5,5,1
27,169,48.2,3,0
46,169,54.4,3,1
58,159,45.7,3,0
20,157,47.5,3,1
27,156,38.3,3,0
51,173,73.2,5,1
19,169,48.6,3,0
41,161,57.6,3,1
50,171,92.7,2,0
24,160,47.7,5,1
48,179,49.6,1,0
22,190,86.1,4,1
46,162,78.0,3,0
54,183,73.6,5,1
29,155,38.6,3,0
34,157,48.4,4,1
46,159,70.0,2,0
38,174,56.0,3,1
38,155,61.2,3,0
36,188,72.0,3,1
23,159,69.6,1,0
30,181,74.7,5,1
42,187,53.1,2,0
40,178,76.8,5,1
44,192,64.7,3,0
53,171,63.6,5,1
53,159,75.6,3,0
27,186,76.2,3,1
37,169,99.8,2,0
21,177,76.9,5,1
48,157,38.8,3,0
27,169,69.1,5,1
25,155,75.0,2,0
50,161,62.5,5,1
23,185,98.5,3,0
34,172,61.1,3,1
43,181,54.9,1,0
38,157,58.7,5,1
44,163,72.3,3,0
48,155,58.4,3,1
32,188,123.1,2,0
42,169,61.8,4,1
34,164,93.5,3,0
34,164,56.8,4,1
45,155,87.8,1,0
54,169,57.8,5,1
27,163,87.0,2,0
43,162,63.5,3,1
29,163,70.4,2,0
52,181,68.7,5,1
55,160,93.0,1,0
31,156,48.9,4,1
36,178,105.2,1,0
42,185,75.4,5,1
45,176,102.5,2,0
25,192,74.9,5,1
29,179,56.3,3,0
51,167,55.0,3,1
53,160,84.5,1,0
24,180,62.4,3,1
59,177,119.0,1,0
57,170,68.7,4,1
37,156,38.5,2,0
56,155,46.2,3,1
31,182,113.8,1,0
38,158,48.9,4,1
48,188,55.1,2,0
42,169,69.4,4,1
32,189,113.4,2,0
52,187,73.3,4,1
36,178,120.0,1,0
56,170,53.8,4,1
39,157,66.8,1,0
32,186,78.1,4,1
30,175,49.3,2,0
37,191,81.1,4,1
35,193,119.7,3,0
35,188,67.9,5,1
27,155,39.9,3,0
24,171,68.2,3,1
35,187,59.0,2,0
25,194,79.9,5,1
18,169,77.0,2,0
43,194,93.7,4,1
39,180,110.7,3,0
53,175,62.1,4,1
30,190,62.8,2,0
32,169,54.4,5,1
45,162,45.4,1,0
41,190,73.1,5,1
51,156,87.4,3,0
29,173,71.8,4,1
32,168,44.5,2,0
46,160,53.9,4,1
31,174,47.2,1,0
19,194,93.2,3,1
20,158,41.1,3,0
49,155,50.4,5,1
24,167,71.4,3,0
41,155,53.4,3,1
53,163,41.6,3,0
24,189,67.6,3,1
34,193,135.1,3,0
29,177,75.0,4,1
25,184,51.1,2,0
21,160,53.1,5,1
25,193,109.6,2,0
44,169,62.7,4,1
40,178,50.4,1,0
48,192,73.9,4,1
44,160,94.4,1,0
57,161,51.4,3,1
43,185,111.7,2,0
28,167,58.5,3,1
46,159,43.3,2,0
55,176,68.7,4,1
22,183,102.1,2,0
31,168,67.3,3,1
55,160,39.1,2,0
34,157,57.3,3,1
55,155,40.1,2,0
47,168,67.7,4,1
44,179,106.4,2,0
51,173,73.4,5,1
34,170,109.1,2,0
27,163,56.6,5,1
50,158,70.5,3,0
37,160,57.2,4,1
19,184,114.4,1,0
34,183,70.2,5,1
26,173,88.0,1,0
56,170,64.2,5,1
24,162,43.3,2,0
55,166,65.7,5,1
55,185,53.5,3,0
25,188,81.6,5,1
55,157,67.6,2,0
47,184,66.3,3,1
41,180,120.3,1,0
46,192,86.4,3,1
43,174,97.6,1,0
41,169,58.2,4,1
51,194,125.3,2,0
58,162,64.9,5,1
33,175,102.4,2,0
21,158,49.0,3,1
53,175,94.9,1,0
21,155,52.1,5,1
19,163,97.1,1,0
59,165,60.3,3,1
53,189,60.5,2,0
57,176,66.4,3,1
24,173,50.1,1,0
30,183,81.7,4,1
22,188,63.0,1,0
25,194,80.1,5,1
51,186,102.9,2,0
19,167,68.3,3,1
34,185,52.9,3,0
35,165,55.5,5,1
43,191,132.6,1,0
41,192,68.3,3,1
46,190,63.8,2,0
32,171,57.5,4,1
46,181,85.5,2,0
27,192,79.9,3,1
30,181,56.4,3,0
24,192,81.3,3,1
29,173,104.8,3,0
58,164,56.8,5,1
32,182,103.1,1,0
51,171,70.6,5,1
50,175,52.6,1,0
23,191,78.2,3,1
22,180,53.9,1,0
19,158,57.6,4,1
27,167,77.2,1,0
27,176,61.3,5,1
30,162,44.0,1,0
44,194,88.4,4,1
26,189,62.4,2,0
49,162,63.5,3,1
35,168,99.9,3,0
45,193,80.7,3,1
32,172,74.7,1,0
57,162,64.9,3,1
52,168,83.3,2,0
29,170,54.4,4,1
45,165,46.4,2,0
41,155,44.9,3,1
45,190,99.3,3,0
36,160,48.9,3,1
47,173,47.3,2,0
54,161,59.8,3,1
29,160,76.3,3,0
19,194,70.4,4,1
46,156,86.0,3,0
55,172,70.9,5,1
37,175,48.1,2,0
25,173,73.9,5,1
33,164,41.5,3,0
53,190,73.3,5,1
29,167,45.8,2,0
56,184,68.1,4,1
38,176,79.2,2,0
33,156,59.4,3,1
47,191,135.8,3,0
19,191,80.1,4,1
50,169,51.6,1,0
36,182,62.0,4,1
37,179,105.1,3,0
24,171,58.3,4,1
28,170,43.6,3,0
29,194,81.2,4,1
41,183,92.6,2,0
35,156,45.4,4,1
58,165,41.1,2,0
29,184,63.9,3,1
58,174,97.5,1,0
27,183,66.0,3,1
55,171,45.8,3,0
38,157,49.5,5,1
58,170,100.3,1,0
29,182,72.6,3,1
37,194,95.0,3,0
58,190,80.7,5,1
24,162,86.4,3,0
25,163,51.2,3,1
48,178,103.0,2,0
43,183,76.7,3,1
32,160,82.6,2,0
19,170,62.7,3,1
31,178,89.2,1,0
26,178,78.3,3,1
46,177,47.7,2,0
21,168,56.0,4,1
51,180,118.7,1,0
31,161,48.4,5,1
31,171,96.5,2,0
45,168,60.4,4,1
19,165,47.3,2,0
30,159,51.4,4,1
41,183,55.5,1,0
18,182,69.0,5,1
31,188,54.0,1,0
48,191,70.5,5,1
22,182,58.0,3,0
19,169,57.4,3,1
57,184,91.3,2,0
26,155,48.0,5,1
35,181,101.7,1,0
53,190,78.6,5,1
54,170,50.4,1,0
52,171,67.6,3,1
21,165,73.9,3,0
51,177,59.6,3,1
30,187,116.4,1,0
41,182,65.8,4,1
51,188,99.1,2,0
48,155,45.9,4,1
56,169,43.0,2,0
34,179,75.5,4,1
48,159,64.1,3,0
30,158,60.5,5,1
29,155,43.2,3,0
34,188,86.3,4,1
59,178,90.8,3,0
50,177,73.7,5,1
18,175,86.5,1,0
37,156,47.0,5,1
45,167,90.8,2,0
19,188,85.6,3,1
32,166,73.4,1,0
55,162,63.8,4,1
33,173,97.7,2,0
45,158,54.0,3,1
35,186,54.0,1,0
19,189,66.9,5,1
53,185,52.9,2,0
18,177,77.3,3,1
49,173,75.9,3,0
32,171,61.2,5,1
36,161,40.0,3,0
24,191,81.1,4,1
38,187,100.3,2,0
53,181,77.7,3,1
46,164,48.4,1,0
22,166,51.8,3,1
39,194,125.6,3,0
18,165,56.4,4,1
52,160,44.1,2,0
34,192,69.1,4,1
31,180,51.4,2,0
33,187,65.8,5,1
35,183,59.5,1,0
43,194,82.2,3,1
36,194,57.1,2,0
52,159,59.0,3,1
38,185,53.4,3,0
27,192,72.6,5,1
54,182,58.1,1,0
56,156,60.3,5,1
51,194,131.4,1,0
35,167,54.3,5,1
51,165,91.1,2,0
30,186,85.2,4,1
24,170,100.6,1,0
46,162,60.4,3,1
36,175,91.0,3,0
28,187,82.2,4,1
57,166,45.5,3,0
23,181,75.0,4,1
45,189,124.8,2,0
58,180,68.1,5,1
50,168,74.7,1,0
25,186,76.2,5,1
42,161,74.4,1,0
30,157,46.1,4,1
32,190,106.9,1,0
43,179,67.5,4,1
20,181,55.8,2,0
40,185,79.2,5,1
35,175,55.6,2,0
58,163,58.9,5,1
24,185,92.2,2,0
22,159,52.4,5,1
55,182,104.9,1,0
47,157,55.2,4,1
20,159,92.4,1,0
18,192,82.2,3,1
59,188,54.6,2,0
42,163,52.4,5,1
21,192,135.8,3,0
25,191,75.2,3,1
50,161,40.9,1,0
42,171,56.8,5,1
36,161,94.5,3,0
58,155,47.7,3,1
19,169,51.9,1,0
52,174,62.3,4,1
57,155,90.4,2,0
59,192,85.8,3,1
34,187,52.9,2,0
56,194,86.4,5,1
28,166,47.9,2,0
31,167,64.7,4,1
20,158,40.0,2,0
36,168,57.7,5,1
45,175,47.9,2,0
36,164,50.8,3,1
55,156,37.7,1,0
53,177,77.6,5,1
43,179,107.5,2,0
34,176,65.5,4,1
34,162,69.6,2,0
33,192,84.4,5,1
23,158,43.4,1,0
28,192,83.2,5,1
32,180,53.7,1,0
41,163,62.2,4,1
26,173,53.4,3,0
38,188,80.8,4,1
34,156,70.7,1,0
22,166,51.5,5,1
55,163,48.3,1,0
47,161,52.2,5,1
57,192,59.9,3,0
53,189,71.4,3,1
37,186,89.2,3,0
52,189,80.8,4,1
50,178,115.8,2,0
40,180,67.3,4,1
21,167,42.1,2,0
58,173,62.8,5,1
55,157,38.3,1,0
52,168,61.6,3,1
36,157,83.7,2,0
44,175,70.5,5,1
54,156,85.0,2,0
57,193,88.1,5,1
29,160,42.2,2,0
30,173,58.7,4,1
42,189,111.6,3,0
57,166,56.2,4,1
19,179,52.8,2,0
53,177,61.3,5,1
44,167,50.4,2,0
30,166,57.3,3,1
31,171,52.7,1,0
41,188,82.1,5,1
32,171,53.6,3,0
40,193,77.8,3,1
31,186,60.8,3,0
44,176,65.9,4,1
30,170,79.2,3,0
50,185,68.3,3,1
26,172,48.8,2,0
37,173,56.3,4,1
27,178,51.6,2,0
46,190,86.2,4,1
34,167,45.4,2,0
44,175,71.2,5,1
18,169,100.6,1,0
55,162,56.2,4,1
37,173,101.2,2,0
51,190,71.1,5,1
35,161,45.9,1,0
52,159,56.2,3,1
36,163,89.2,2,0
49,189,83.8,3,1
49,191,63.5,2,0
47,186,66.1,5,1
28,174,50.5,3,0
57,161,51.4,4,1
41,161,46.1,3,0
39,194,69.8,5,1
24,174,96.4,1,0
56,158,56.5,3,1
18,171,49.8,1,0
35,194,84.4,4,1
33,166,42.4,1,0
58,180,77.1,5,1
27,161,47.3,2,0
43,175,60.2,3,1
55,166,86.5,2,0
56,166,57.1,4,1
47,173,49.4,2,0
30,190,70.1,4,1
59,191,130.3,3,0
36,169,69.0,3,1
18,160,92.6,1,0
19,159,48.6,4,1
35,176,79.9,1,0
35,181,77.7,3,1
46,191,62.0,3,0
52,178,60.4,4,1
20,188,53.9,3,0
49,175,58.2,4,1
49,177,47.8,1,0
50,179,63.6,3,1
55,194,59.6,1,0
42,180,79.6,5,1
35,175,46.5,1,0
25,155,58.1,5,1
25,173,55.0,3,0
55,156,58.4,3,1
28,157,44.6,2,0
54,165,56.9,3,1
30,157,40.0,1,0
38,161,50.3,4,1
50,165,42.2,1,0
47,191,82.8,5,1
31,160,81.5,2,0
23,162,59.5,3,1
51,163,75.3,2,0
40,160,53.9,3,1
59,185,122.4,2,0
35,166,63.0,3,1
57,179,87.8,1,0
55,182,70.5,5,1
25,186,92.4,1,0
39,168,60.6,4,1
39,190,136.4,1,0
46,160,48.8,5,1
57,164,48.4,2,0
38,155,50.5,4,1
57,189,57.3,3,0
34,185,82.0,5,1
23,184,115.8,2,0
28,188,84.3,3,1
44,166,42.0,1,0
52,183,69.9,5,1
19,187,53.1,1,0
58,186,68.3,5,1
40,178,104.0,1,0
56,177,66.2,5,1
45,168,49.6,2,0
39,164,66.1,3,1
54,161,44.3,1,0
49,170,63.5,4,1
57,191,55.1,3,0
43,163,62.6,3,1
23,164,74.3,2,0
36,185,67.7,4,1
45,158,65.0,1,0
19,190,69.5,5,1
43,165,93.4,2,0
31,168,55.3,5,1
39,190,65.9,2,0
36,161,62.0,5,1
22,162,41.8,2,0
49,162,65.3,4,1
31,163,45.0,1,0
37,165,55.1,5,1
23,165,90.2,2,0
34,186,85.2,5,1
22,183,99.2,1,0
54,162,62.9,4,1
42,177,56.9,2,0
49,183,74.2,3,1
56,161,39.0,2,0
35,192,76.6,3,1
58,170,88.3,3,0
25,173,57.4,5,1
26,184,56.4,3,0
21,160,49.7,3,1
33,180,56.6,1,0
44,176,75.7,5,1
52,167,95.5,2,0
56,191,87.8,4,1
24,182,114.6,2,0
34,158,61.5,5,1
54,187,93.5,1,0
29,176,74.9,3,1
22,163,43.1,2,0
21,175,62.3,5,1
33,177,56.7,2,0
18,182,62.8,3,1
50,164,71.8,2,0
31,165,59.1,4,1
57,167,85.9,2,0
45,158,51.5,3,1
53,174,94.8,1,0
22,171,62.6,4,1
24,190,62.8,3,0
20,156,50.3,5,1
34,161,91.7,1,0
33,191,72.5,5,1
38,162,43.5,1,0
31,193,82.9,5,1
34,189,58.3,1,0
27,172,59.1,4,1
24,184,103.1,1,0
38,180,67.9,5,1
56,187,124.8,3,0
27,166,51.6,3,1
42,158,93.0,3,0
43,182,79.7,5,1
49,163,69.0,1,0
49,173,59.0,4,1
19,172,109.3,1,0
39,190,71.2,5,1
57,188,113.4,2,0
37,180,71.2,5,1
46,177,51.2,1,0
37,167,63.6,4,1
54,161,43.6,1,0
27,176,61.8,5,1
39,183,108.2,2,0
30,157,60.5,4,1
53,175,90.7,3,0
32,155,59.2,4,1
37,187,107.5,3,0
30,190,67.7,5,1
38,175,55.0,3,0
55,166,57.8,5,1
36,182,89.6,3,0
20,191,83.2,4,1
38,174,55.7,2,0
43,182,73.1,3,1
54,167,48.4,2,0
38,184,70.7,3,1
29,163,47.0,1,0
42,155,51.8,5,1
50,155,42.2,2,0
29,164,61.5,5,1
45,176,100.1,2,0
40,168,62.1,5,1
36,176,51.8,3,0
36,190,89.5,5,1
53,187,60.9,3,0
50,183,65.8,4,1
35,172,45.4,2,0
47,158,54.0,5,1
22,163,43.5,2,0
56,187,82.8,3,1
41,193,113.2,3,0
28,189,69.7,3,1
20,176,80.1,1,0
24,174,70.9,4,1
53,175,106.1,2,0
21,170,65.9,4,1
18,155,36.9,1,0
45,172,69.9,3,1
50,164,44.8,3,0
49,170,60.0,4,1
31,193,109.7,1,0
54,179,68.9,4,1
37,172,50.0,2,0
57,172,59.0,5,1
23,180,53.0,3,0
49,166,60.8,5,1
39,181,60.2,2,0
40,167,55.6,3,1
19,182,55.0,2,0
51,171,71.0,4,1
51,176,56.2,2,0
27,163,59.3,3,1
27,192,113.3,3,0
51,189,70.8,3,1
25,186,130.8,2,0
25,161,49.8,3,1
49,165,97.1,1,0
34,168,59.8,5,1
25,171,102.1,2,0
48,191,83.9,5,1
59,180,101.6,1,0
34,187,74.3,3,1
48,162,45.9,2,0
52,173,56.3,5,1
42,192,140.0,3,0
24,170,58.5,3,1
40,190,98.1,3,0
24,171,66.7,5,1
35,193,65.0,2,0
47,165,54.6,3,1
42,157,90.9,3,0
25,158,46.5,5,1
48,183,55.8,3,0
38,157,54.2,3,1
28,165,78.1,2,0
48,185,68.6,4,1
37,163,99.6,2,0
39,170,68.8,5,1
52,186,104.0,2,0
52,167,61.9,5,1
33,159,76.9,3,0
50,169,65.9,5,1
22,180,96.3,3,0
55,177,64.3,3,1
51,188,62.4,2,0
20,190,82.2,4,1
37,174,54.0,1,0
47,168,63.4,4,1
36,192,55.3,3,0
51,178,68.5,4,1
48,190,135.5,2,0
48,183,81.7,5,1
50,155,39.3,1,0
18,175,73.0,3,1
27,169,104.8,1,0
46,181,81.4,3,1
58,155,65.1,1,0
51,172,56.0,3,1
50,170,92.4,1,0
21,158,46.5,3,1
31,178,51.9,2,0
53,185,82.7,3,1
23,182,56.9,2,0
51,179,78.5,3,1
40,163,44.1,3,0
33,179,68.1,3,1
57,180,52.9,2,0
31,193,72.9,4,1
36,156,63.3,1,0
59,178,66.3,4,1
55,187,55.0,2,0
32,177,58.9,3,1
18,162,46.7,2,0
22,194,74.1,4,1
57,184,56.4,1,0
27,173,69.2,5,1
53,158,85.4,1,0
33,163,65.2,5,1
44,166,41.6,1,0
34,183,68.2,4,1
35,167,44.0,1,0
20,176,61.6,5,1
50,156,43.5,1,0
24,169,58.0,4,1
44,193,57.4,2,0
47,162,50.3,5,1
32,190,96.4,2,0
55,173,67.4,4,1
30,193,120.5,2,0
31,171,54.9,4,1
40,167,48.7,3,0
45,170,53.9,4,1
31,192,62.8,2,0
46,157,52.5,4,1
44,186,108.7,2,0
50,160,62.0,4,1
26,162,88.8,1,0
57,177,73.8,3,1
33,180,58.5,3,0
54,164,51.1,5,1
27,188,104.1,3,0
30,166,61.7,3,1
19,162,94.7,2,0
25,157,53.5,3,1
48,179,56.2,3,0
48,185,84.4,3,1
36,157,44.8,2,0
29,177,67.6,3,1
41,179,106.7,3,0
55,182,62.5,3,1
53,163,47.2,2,0
52,171,56.5,4,1
32,173,54.9,1,0
37,191,72.3,4,1
53,159,80.8,2,0
57,174,70.4,5,1
18,183,61.0,2,0
33,194,73.7,5,1
30,187,53.7,3,0
46,171,70.9,5,1
24,167,46.8,3,0
45,164,58.6,3,1
40,181,57.4,3,0
57,191,77.9,3,1
51,178,53.7,2,0
44,172,72.6,4,1
50,191,62.6,1,0
38,188,74.4,3,1
27,177,81.0,1,0
58,156,51.6,5,1
42,155,80.6,2,0
27,173,66.7,3,1
25,185,106.8,1,0
55,183,80.6,3,1
52,181,57.0,1,0
45,190,88.2,5,1
52,191,125.3,1,0
36,182,71.8,3,1
21,191,60.8,2,0
36,155,56.0,3,1
35,193,63.5,1,0
52,155,48.1,5,1
35,163,43.4,1,0
47,155,46.1,4,1
42,174,50.7,2,0
24,163,52.5,3,1
26,163,100.6,1,0
19,164,55.3,5,1
48,165,95.0,1,0
20,189,78.6,3,1
20,188,59.4,3,0
41,172,68.1,5,1
58,175,49.0,2,0
35,157,47.3,4,1
36,176,52.7,1,0
38,182,79.4,3,1
34,188,55.1,2,0
47,184,67.7,5,1
58,161,43.1,2,0
57,190,84.3,4,1
31,162,81.8,3,0
54,176,58.1,5,1
19,185,117.3,3,0
57,169,61.5,3,1
44,175,54.7,1,0
33,190,81.1,5,1
36,157,45.2,3,0
33,171,59.6,3,1
37,176,95.5,2,0
22,159,54.1,4,1
32,180,118.8,3,0
26,157,60.1,5,1
39,168,74.2,2,0
27,161,54.5,5,1
49,182,116.8,2,0
52,171,70.5,4,1
48,186,114.1,3,0
54,174,65.6,4,1
58,176,48.3,2,0
29,166,65.5,3,1
39,181,55.6,3,0
33,158,60.6,3,1
39,172,109.0,3,0
31,179,77.1,4,1
40,159,89.9,1,0
56,160,48.6,3,1
21,164,44.9,1,0
20,185,83.1,3,1
40,167,72.2,1,0
30,178,65.5,3,1
20,164,42.9,2,0
50,156,51.4,3,1
48,158,38.6,1,0
47,173,73.3,5,1
59,168,74.0,2,0
56,159,60.9,4,1
31,160,38.7,2,0
43,166,67.0,4,1
25,183,60.3,1,0
46,168,55.9,3,1
51,181,50.6,3,0
36,178,75.9,3,1
22,178,84.3,1,0
44,182,82.1,4,1
53,162,72.3,1,0
35,161,51.3,3,1
21,174,45.7,2,0
45,157,46.0,5,1
24,190,63.7,3,0
53,178,67.2,5,1
46,191,58.3,3,0
42,181,61.6,5,1
29,158,45.0,1,0
18,172,61.8,3,1
58,188,108.4,1,0
30,189,69.3,4,1
55,160,86.6,1,0
56,167,53.7,3,1
50,182,117.7,2,0
21,182,62.5,4,1
19,188,56.2,3,0
50,156,51.0,5,1
39,188,106.1,1,0
40,191,74.3,3,1
39,160,43.8,1,0
40,167,61.7,4,1
24,176,98.5,3,0
26,175,75.6,4,1
59,186,59.3,1,0
24,157,60.8,5,1
21,185,59.8,1,0
19,185,64.7,4,1
27,184,99.4,3,0
18,186,69.2,3,1
34,168,51.9,2,0
49,186,66.4,4,1
42,157,84.1,3,0
20,159,50.8,4,1
56,178,110.9,3,0
35,160,52.4,5,1
51,183,50.6,3,0
25,169,69.7,5,1
28,174,114.9,2,0
42,170,70.1,3,1
18,175,116.2,2,0
29,182,69.0,3,1
25,180,51.7,2,0
52,188,70.0,5,1
29,182,86.5,2,0
28,191,71.6,5,1
55,179,56.5,2,0
22,187,86.8,5,1
54,191,61.8,2,0
49,185,82.4,4,1
28,180,58.3,3,0
37,157,59.1,3,1
32,184,57.0,1,0
47,194,90.1,4,1
44,162,45.6,1,0
37,171,59.7,3,1
48,160,46.3,1,0
18,180,69.1,4,1
40,178,58.0,3,0
27,185,77.4,3,1
31,189,98.2,3,0
32,162,50.8,4,1
47,163,84.9,1,0
35,173,58.9,3,1
35,166,46.8,1,0
23,167,56.1,3,1
21,186,53.8,1,0
28,156,48.6,4,1
43,162,75.9,1,0
55,167,69.4,4,1
40,190,102.0,2,0
29,160,61.8,3,1
20,188,119.2,2,0
26,168,69.0,3,1
49,158,45.1,3,0
18,165,63.9,5,1
19,169,44.0,2,0
57,189,81.8,3,1
58,175,51.6,2,0
40,158,48.2,4,1
47,177,54.4,1,0
42,178,59.5,3,1
31,188,55.9,2,0
45,156,60.0,3,1
55,193,107.2,3,0
43,190,77.2,3,1
27,172,50.5,1,0
57,176,66.0,5,1
34,182,54.1,1,0
35,171,67.1,5,1
42,191,55.8,3,0
26,177,73.7,5,1
34,193,111.2,1,0
57,191,75.4,4,1
51,186,114.8,2,0
19,159,55.4,4,1
47,194,68.1,1,0
55,156,54.9,4,1
51,165,68.7,2,0
54,186,82.7,3,1
49,171,82.7,3,0
26,188,72.5,4,1
37,193,60.2,3,0
56,177,66.8,3,1
40,193,67.5,2,0
47,175,63.0,4,1
53,180,58.6,2,0
46,177,73.7,5,1
53,175,55.7,2,0
18,190,88.2,3,1
39,158,40.4,2,0
18,169,66.6,5,1
35,171,101.6,1,0
27,155,45.7,4,1
49,183,102.6,2,0
37,161,52.4,5,1
55,161,46.2,3,0
35,156,50.9,5,1
51,170,47.6,3,0
43,187,74.1,4,1
54,184,51.1,1,0
19,167,59.3,4,1
42,168,89.8,2,0
21,166,55.3,5,1
26,164,40.5,2,0
23,187,68.3,4,1
47,175,92.9,2,0
37,176,65.8,5,1
48,194,61.1,2,0
42,186,69.5,4,1
43,165,86.0,1,0
56,181,76.6,3,1
32,185,107.8,2,0
39,185,82.9,4,1
20,187,107.6,1,0
26,159,58.3,3,1
45,167,93.7,2,0
56,176,61.7,3,1
56,174,50.6,1,0
32,160,50.0,5,1
49,165,48.7,1,0
32,164,65.6,4,1
47,157,86.7,1,0
45,168,67.7,3,1
25,166,98.1,3,0
57,161,52.7,4,1
21,157,41.8,2,0
23,180,67.3,4,1
28,183,50.2,2,0
31,190,78.4,5,1
40,175,114.5,3,0
42,171,71.9,5,1
38,162,95.9,3,0
28,192,82.6,4,1
21,174,51.0,2,0
56,187,77.6,4,1
48,189,101.4,2,0
18,167,54.8,3,1
21,161,97.2,2,0
31,185,65.5,3,1
52,164,90.4,3,0
24,172,66.3,5,1
39,193,109.0,2,0
37,186,86.0,3,1
40,159,40.7,1,0
44,191,88.9,5,1
59,162,65.7,2,0
51,189,85.9,4,1
32,192,57.2,2,0
20,168,57.6,4,1
50,160,40.3,2,0
54,161,48.8,5,1
39,193,64.3,2,0
31,190,76.9,5,1
23,185,55.6,1,0
44,182,75.1,5,1
36,175,54.0,2,0
49,176,76.4,4,1
42,171,80.2,3,0
41,192,79.2,3,1
53,189,60.5,1,0
49,180,73.9,3,1
48,175,93.4,3,0
57,179,72.6,4,1
53,190,57.5,2,0
27,189,87.9,4,1
50,155,36.7,3,0
42,182,79.2,4,1
42,171,105.8,1,0
33,171,54.7,5,1
32,167,91.7,2,0
24,164,61.6,5,1
58,190,125.7,2,0
41,186,77.7,4,1
19,164,79.4,3,0
34,172,73.6,5,1
29,170,95.5,2,0
57,161,63.4,5,1
24,172,45.2,3,0
37,165,59.9,3,1
51,166,75.2,3,0
39,178,68.4,4,1
18,168,44.3,1,0
18,173,56.8,4,1
47,166,86.9,1,0
32,165,59.0,4,1
52,163,75.5,3,0
50,186,73.8,4,1
53,177,53.6,1,0
22,192,79.4,4,1
29,176,105.5,1,0
44,171,71.3,3,1
30,169,50.5,3,0
30,158,60.7,5,1
42,165,44.9,1,0
55,160,57.4,5,1
27,177,54.3,2,0
33,186,80.6,4,1
22,171,101.8,1,0
59,155,53.3,5,1
51,158,65.4,2,0
56,173,72.8,4,1
53,157,40.6,2,0
23,185,66.9,4,1
52,171,95.3,1,0
41,164,51.4,4,1
46,193,101.2,2,0
58,171,67.2,3,1
53,190,115.4,1,0
20,162,49.7,5,1
23,183,54.5,3,0
34,186,79.7,3,1
33,175,103.8,1,0
25,182,61.9,5,1
21,180,82.2,3,0
55,158,49.6,5,1
45,191,57.2,2,0
22,164,62.6,4,1
40,167,93.7,1,0
47,171,70.9,3,1
41,179,55.8,3,0
50,171,69.6,4,1
23,193,135.7,2,0
35,178,76.6,5,1
44,193,62.9,3,0
32,156,53.1,3,1
32,170,49.9,3,0
37,183,74.6,5,1
22,156,41.9,2,0
22,166,66.0,5,1
39,171,50.9,2,0
40,192,88.2,3,1
46,162,75.3,1,0
39,189,67.5,3,1
24,166,101.2,3,0
49,186,65.1,4,1
35,193,65.6,3,0
59,177,72.7,3,1
27,172,53.7,3,0
41,157,51.0,5,1
34,163,67.8,1,0
19,175,68.9,3,1
24,176,92.1,2,0
42,155,46.3,5,1
49,168,43.1,2,0
24,190,81.7,5,1
32,171,91.4,2,0
22,184,77.8,5,1
56,189,127.7,2,0
49,185,73.7,3,1
20,160,44.5,3,0
26,167,60.4,4,1
28,168,77.8,2,0
51,170,58.9,4,1
43,192,58.8,1,0
24,187,75.2,4,1
56,175,110.2,2,0
40,169,63.1,5,1
23,187,128.1,3,0
27,188,86.5,5,1
31,157,37.8,2,0
27,169,58.7,5,1
53,181,94.6,2,0
50,162,58.7,3,1
53,159,73.9,3,0
29,184,70.0,5,1
30,176,99.3,3,0
46,159,55.2,5,1
21,186,112.2,2,0
58,162,50.1,4,1
45,186,57.0,1,0
59,194,83.1,3,1
27,185,128.4,2,0
51,174,56.9,4,1
52,183,52.9,3,0
37,191,88.9,4,1
26,164,48.6,1,0
21,182,78.7,3,1
20,191,63.2,2,0
35,177,67.5,3,1
46,183,119.9,1,0
48,182,68.8,5,1
47,189,90.9,2,0
43,174,56.1,5,1
35,163,75.1,3,0
43,185,69.4,3,1
46,160,69.6,2,0
24,165,56.1,5,1
33,159,39.8,3,0
54,187,80.3,4,1
58,175,53.4,2,0
57,160,62.6,5,1
20,175,82.4,3,0
48,174,75.3,4,1
57,193,60.5,3,0
29,168,57.5,4,1
54,174,113.7,1,0
41,164,52.7,4,1
49,189,63.7,2,0
50,161,51.1,3,1
30,156,70.7,1,0
55,156,48.1,4,1
37,177,50.2,3,0
25,178,60.0,3,1
53,161,68.8,2,0
31,156,58.8,4,1
30,172,48.6,2,0
56,155,52.4,3,1
18,158,66.4,3,0
34,166,51.3,5,1
20,180,58.2,3,0
45,171,57.7,4,1
19,162,48.0,2,0
28,169,69.3,5,1
49,194,64.3,1,0
33,167,55.4,5,1
53,164,41.1,2,0
47,161,56.3,4,1
47,173,52.0,2,0
39,192,78.3,5,1
19,186,87.5,2,0
49,165,63.5,3,1
32,158,83.6,3,0
20,193,70.5,4,1
44,170,48.2,1,0
59,156,48.9,4,1
44,169,52.2,1,0
23,166,55.7,4,1
37,181,103.0,2,0
25,156,54.6,4,1
35,172,53.3,1,0
37,177,74.4,3,1
30,167,72.0,2,0
47,189,83.6,4,1
28,192,58.8,2,0
29,161,54.8,3,1
40,179,86.2,3,0
46,164,50.0,5,1
22,188,125.3,1,0
50,194,78.1,4,1
40,170,50.4,2,0
47,191,73.6,4,1
42,175,53.2,2,0
29,159,57.4,3,1
52,155,40.1,2,0
54,189,72.2,4,1
54,186,88.4,1,0
50,184,69.5,3,1
44,157,45.1,2,0
54,155,47.6,3,1
21,193,66.5,1,0
39,170,55.2,4,1
33,182,115.3,1,0
59,156,50.5,3,1
52,174,53.6,3,0
29,163,59.1,4,1
38,158,75.7,1,0
19,171,66.0,4,1
29,179,98.8,3,0
41,179,65.3,5,1
42,182,109.3,1,0
28,189,71.3,3,1
55,173,50.3,2,0
45,190,70.0,4,1
29,162,66.4,2,0
26,159,51.3,5,1
56,171,49.8,2,0
25,186,77.4,4,1
36,178,107.0,2,0
29,177,62.6,4,1
33,170,48.4,1,0
37,187,74.0,4,1
25,164,48.9,1,0
27,163,50.3,5,1
57,161,42.6,2,0
32,160,60.1,4,1
33,165,44.0,2,0
31,183,65.1,5,1
20,155,75.7,1,0
26,157,51.2,4,1
50,163,79.8,3,0
53,157,51.6,5,1
50,172,50.8,1,0
49,161,57.8,4,1
32,166,99.4,1,0
33,159,55.6,4,1
22,167,74.8,2,0
43,172,62.5,4,1
24,164,42.1,1,0
48,158,57.6,3,1
34,174,54.6,3,0
32,159,55.2,3,1
49,176,95.8,1,0
22,187,72.2,3,1
24,172,49.7,2,0
28,180,60.8,4,1
37,171,105.8,3,0
21,178,72.0,3,1
20,163,98.4,1,0
50,155,46.1,5,1
27,166,72.4,1,0
47,169,62.0,5,1
35,170,50.5,2,0
24,161,54.0,4,1
30,171,51.8,1,0
56,187,80.5,4,1
21,170,102.8,3,0
52,179,73.8,3,1
35,166,48.2,3,0
30,189,67.1,5,1
42,164,80.2,2,0
31,181,80.5,4,1
30,160,46.7,3,0
42,184,78.0,4,1
54,170,90.9,1,0
54,177,60.6,5,1
19,164,96.0,1,0
44,168,54.1,4,1
19,187,120.1,2,0
24,181,66.9,3,1
55,172,46.8,2,0
55,192,77.6,4,1
35,164,44.8,1,0
18,172,67.0,3,1
37,171,92.7,1,0
59,185,77.5,3,1
47,157,38.8,2,0
50,165,54.8,4,1
49,172,110.5,3,0
57,182,63.9,3,1
27,183,118.9,2,0
49,193,91.6,3,1
41,185,108.5,2,0
23,161,63.6,5,1
25,157,43.1,1,0
32,161,60.1,3,1
20,184,103.8,3,0
22,179,77.3,4,1
19,182,116.9,3,0
54,193,81.2,4,1
50,165,46.5,1,0
20,180,69.9,4,1
40,162,93.0,2,0
50,182,76.1,4,1
34,163,100.5,1,0
57,159,56.1,4,1
24,171,47.9,1,0
33,190,81.6,3,1
36,166,89.2,3,0
57,160,62.9,5,1
48,181,52.0,3,0
59,175,67.5,5,1
23,189,123.8,3,0
18,189,66.5,3,1
29,194,67.4,1,0
33,168,60.7,3,1
53,176,47.8,1,0
51,165,63.8,5,1
44,156,68.0,1,0
57,168,65.0,3,1
59,166,98.0,1,0
22,186,64.6,3,1
21,184,107.2,2,0
40,189,84.3,5,1
53,171,87.0,3,0
44,194,70.3,4,1
49,165,70.0,1,0
33,167,61.3,3,1
35,156,88.0,3,0
29,186,71.8,3,1
33,171,46.1,2,0
46,190,72.3,4,1
31,168,73.9,3,0
40,186,82.9,5,1
29,173,52.0,1,0
38,189,75.4,3,1
24,156,69.7,3,0
52,164,57.6,3,1
52,191,127.3,3,0
33,182,68.0,5,1
59,177,55.2,3,0
56,187,77.5,5,1
39,183,106.2,3,0
47,165,51.9,3,1
30,179,104.2,1,0
39,161,52.9,5,1
38,160,87.1,3,0
49,165,52.4,5,1
58,189,60.4,1,0
48,171,57.2,5,1
18,164,80.5,3,0
31,162,49.5,3,1
41,174,110.3,1,0
59,159,48.4,5,1
36,193,65.0,3,0
18,156,60.1,3,1
50,190,55.0,1,0
38,177,76.5,3,1
19,157,45.0,1,0
53,158,58.9,3,1
58,180,85.7,3,0
32,171,67.8,3,1
33,177,48.7,1,0
57,178,68.0,5,1
56,179,53.4,3,0
49,165,56.0,3,1
36,170,98.7,1,0
40,179,64.1,3,1
49,188,60.2,1,0
40,187,70.8,3,1
22,164,44.0,2,0
20,183,77.9,4,1
54,161,75.9,1,0
41,156,48.9,4,1
46,191,63.3,1,0
43,176,74.0,5,1
31,190,61.8,3,0
37,176,66.9,5,1
21,183,92.5,2,0
47,166,67.8,3,1
57,158,63.4,3,0
38,164,58.0,5,1
57,194,104.3,1,0
27,159,48.1,3,1
52,194,129.1,2,0
38,181,76.7,3,1
39,169,46.9,3,0
57,188,71.4,5,1
54,156,82.3,1,0
48,160,49.8,5,1
20,194,61.4,1,0
54,170,71.6,3,1
21,185,62.8,1,0
41,179,65.7,3,1
57,190,108.1,1,0
35,194,87.7,5,1
43,183,89.7,2,0
35,156,46.5,4,1
56,160,91.4,2,0
38,172,73.3,5,1
45,190,136.9,1,0
35,194,88.6,5,1
18,175,78.2,2,0
55,189,73.9,4,1
21,191,58.5,1,0
41,170,59.4,4,1
36,184,59.2,2,0
55,185,83.6,3,1
20,180,56.3,1,0
56,159,57.7,3,1
56,174,55.4,1,0
53,160,48.7,4,1
23,190,63.9,2,0
50,172,72.1,5,1
18,169,45.6,1,0
20,166,53.9,5,1
54,185,56.7,3,0
57,165,60.1,3,1
30,173,46.2,2,0
55,191,75.8,3,1
52,183,115.1,1,0
29,190,68.0,4,1
25,167,42.0,1,0
55,182,69.4,3,1
38,178,49.8,3,0
45,191,72.7,4,1
53,184,51.1,1,0
49,158,48.8,3,1
51,183,84.6,2,0
50,161,60.3,5,1
29,184,55.9,1,0
28,156,58.0,4,1
39,180,52.0,2,0
24,183,68.4,3,1
48,183,94.0,2,0
59,162,51.2,5,1
23,159,44.6,3,0
26,189,74.0,4,1
51,193,99.8,1,0
19,192,70.3,3,1
52,169,79.7,1,0
22,175,59.3,5,1
57,184,51.7,3,0
41,173,65.9,4,1
39,181,58.8,2,0
27,164,62.3,4,1
21,188,57.4,2,0
25,182,81.1,3,1
42,175,82.9,3,0
54,183,67.5,5,1
32,160,66.8,1,0
29,189,74.4,3,1
44,171,53.4,2,0
19,183,75.1,5,1
26,181,50.5,1,0
39,189,76.1,4,1
36,193,96.2,3,0
30,167,54.4,3,1
18,194,64.5,1,0
30,191,89.5,3,1
48,168,94.3,2,0
59,157,61.2,4,1
43,155,80.3,1,0
55,157,54.0,3,1
43,184,56.8,3,0
35,155,59.2,4,1
36,155,81.5,2,0
57,160,58.1,5,1
33,171,75.2,3,0
30,174,57.6,5,1
19,158,88.5,1,0
18,187,69.6,4,1
29,192,128.8,2,0
57,186,79.2,5,1
48,173,89.4,1,0
26,175,75.1,4,1
28,174,53.3,3,0
46,155,51.4,5,1
39,162,98.9,1,0
28,169,58.9,3,1
38,182,89.6,1,0
57,160,48.7,5,1
40,162,81.6,2,0
45,174,71.6,3,1
25,173,106.4,1,0
21,179,62.1,3,1
35,165,90.5,2,0
24,169,70.6,5,1
49,181,55.9,3,0
38,182,72.7,4,1
46,172,78.8,2,0
29,186,78.8,5,1
27,159,67.0,3,0
24,157,58.5,3,1
56,158,42.8,2,0
46,167,55.8,3,1
34,158,74.6,1,0
25,182,69.8,4,1
50,187,108.4,1,0
42,173,59.8,4,1
50,157,63.0,1,0
48,189,87.4,5,1
29,170,82.8,3,0
47,187,75.8,3,1
51,161,44.7,3,0
43,193,74.8,4,1
20,184,56.4,3,0
53,188,87.0,5,1
41,166,48.6,1,0
37,181,78.1,3,1
57,188,59.1,2,0
45,176,62.8,3,1
58,157,40.8,2,0
54,188,72.1,3,1
53,194,130.7,1,0
45,189,71.5,3,1
24,157,39.7,2,0
52,166,55.9,3,1
43,156,37.4,1,0
41,161,54.5,3,1
29,165,49.4,1,0
46,190,87.9,4,1
39,156,80.6,3,0
24,166,63.9,3,1
49,162,78.0,3,0
55,169,60.9,4,1
31,157,43.2,2,0
57,164,63.6,5,1
59,172,52.7,3,0
35,161,61.5,5,1
30,183,58.6,2,0
36,182,61.8,3,1
32,193,138.8,2,0
42,165,60.9,3,1
27,171,102.6,1,0
51,186,74.1,5,1
34,160,39.4,3,0
38,155,55.5,5,1
46,189,54.9,3,0
18,177,65.1,5,1
52,176,51.4,3,0
44,156,56.6,4,1
47,176,55.4,3,0
28,161,52.4,3,1
58,185,122.3,2,0
38,191,69.3,5,1
54,175,49.6,3,0
57,162,65.0,4,1
36,165,48.6,3,0
22,184,62.7,4,1
53,181,121.4,2,0
33,159,53.0,4,1
53,185,118.7,1,0
36,157,52.7,4,1
23,157,43.3,2,0
53,169,68.5,4,1
40,183,112.4,1,0
30,187,71.7,5,1
34,176,54.8,1,0
48,171,69.9,5,1
54,158,45.2,3,0
25,193,72.7,3,1
58,165,99.4,3,0
25,187,70.0,4,1
33,190,61.5,1,0
47,174,67.3,3,1
35,172,83.8,3,0
27,165,57.8,5,1
47,158,70.7,3,0
54,156,52.6,3,1
24,158,76.2,3,0
39,183,66.8,4,1
29,155,38.3,2,0
46,168,65.0,4,1
59,171,85.0,3,0
46,179,66.1,4,1
18,155,60.6,3,0
57,165,67.0,3,1
40,167,45.2,3,0
30,166,66.9,5,1
25,178,48.1,1,0
49,165,50.9,5,1
53,188,64.4,2,0
49,156,47.4,4,1
48,158,44.2,2,0
51,187,82.0,5,1
53,167,73.5,2,0
35,192,70.2,5,1
40,177,91.9,2,0
22,176,59.2,4,1
43,169,51.3,1,0
31,190,82.3,4,1
52,193,66.3,1,0
35,169,61.9,3,1
42,180,115.6,3,0
59,192,74.1,4,1
18,176,54.2,2,0
44,167,59.4,4,1
40,180,109.8,2,0
30,161,57.8,3,1
56,157,74.8,1,0
33,170,66.6,5,1
24,169,105.0,3,0
19,157,56.3,3,1
53,182,55.4,3,0
53,177,62.7,4,1
25,169,97.1,2,0
37,187,74.3,4,1
27,169,103.2,3,0
38,194,77.2,5,1
32,191,55.0,1,0
20,194,75.6,5,1
40,181,92.3,3,0
55,172,60.0,5,1
29,156,39.6,1,0
51,177,66.6,5,1
25,191,61.3,2,0
46,159,53.0,5,1
31,156,37.0,2,0
45,162,60.7,3,1
24,193,129.7,1,0
27,158,47.4,3,1
19,178,47.6,2,0
21,187,67.1,4,1
49,158,66.6,2,0
28,170,70.6,4,1
48,194,62.5,2,0
54,187,65.3,4,1
46,191,103.4,3,0
33,159,62.7,3,1
38,168,51.5,3,0
46,184,83.1,4,1
18,193,65.2,3,0
45,185,77.7,3,1
25,160,46.8,2,0
23,190,69.5,5,1
33,156,63.8,1,0
27,161,63.5,3,1
29,169,49.2,2,0
31,180,79.0,3,1
55,158,39.4,3,0
42,170,64.1,5,1
33,166,74.7,1,0
28,176,63.0,4,1
30,192,67.6,3,0
30,194,89.5,5,1
19,172,51.9,2,0
39,190,70.3,4,1
31,183,61.4,1,0
18,158,53.3,5,1
31,173,47.3,2,0
54,163,59.7,5,1
54,179,52.2,3,0
50,193,82.2,4,1
50,169,48.2,2,0
47,169,62.5,5,1
32,183,51.7,1,0
39,165,60.0,4,1
28,193,105.2,3,0
41,172,55.7,4,1
31,161,71.0,1,0
28,190,68.0,4,1
25,161,74.0,2,0
51,174,73.8,4,1
44,188,53.3,3,0
22,177,77.7,4,1
48,167,90.2,3,0
52,167,61.3,5,1
21,158,88.3,2,0
44,159,55.3,5,1
56,169,75.9,1,0
23,180,70.5,3,1
58,170,47.8,2,0
46,164,64.4,3,1
21,191,100.5,2,0
29,185,79.8,3,1
19,190,61.1,3,0
54,170,70.6,5,1
41,181,124.3,3,0
29,183,75.1,3,1
41,193,57.7,2,0
32,163,54.5,3,1
26,157,38.0,1,0
41,186,79.3,3,1
37,171,101.7,1,0
20,182,67.4,5,1
33,160,82.6,2,0
48,165,65.7,5,1
24,186,58.6,3,0
44,184,78.5,3,1
58,184,60.0,3,0
38,167,60.5,5,1
27,187,60.7,3,0
51,161,58.3,4,1
53,161,47.4,2,0
57,168,62.1,5,1
44,180,82.1,2,0
49,178,70.1,4,1
20,161,39.6,2,0
38,185,71.2,5,1
30,171,105.8,2,0
24,171,72.3,3,1
34,194,115.2,3,0
52,162,62.0,4,1
56,175,84.5,3,0
19,164,66.9,5,1
21,167,97.5,3,0
31,163,64.4,4,1
46,177,47.7,1,0
26,158,51.6,5,1
50,186,52.6,3,0
45,157,57.3,3,1
25,191,98.3,2,0
31,169,69.3,4,1
18,166,94.1,2,0
34,173,71.9,5,1
26,162,86.4,1,0
29,185,65.2,3,1
19,166,94.8,2,0
30,190,77.4,5,1
47,185,98.5,2,0
39,158,55.3,3,1
28,167,72.6,3,0
39,159,61.9,3,1
34,166,73.6,1,0
31,180,76.2,3,1
56,158,43.1,1,0
32,169,55.4,4,1
24,187,52.8,3,0
33,162,51.3,4,1
53,161,94.9,3,0
19,163,62.9,4,1
18,157,79.7,3,0
50,163,49.6,5,1
24,180,52.3,3,0
49,190,86.5,3,1
38,167,44.5,3,0
18,156,50.8,5,1
58,159,38.6,1,0
49,165,56.3,5,1
49,189,55.9,1,0
45,182,75.2,5,1
35,179,118.1,1,0
51,178,65.6,5,1
31,183,57.2,3,0
29,169,69.9,3,1
35,161,68.8,3,0
50,184,75.4,5,1
42,170,49.5,1,0
21,189,66.7,5,1
52,169,50.0,1,0
28,181,77.2,4,1
35,170,90.3,3,0
54,164,65.7,4,1
20,173,46.9,2,0
40,164,53.7,5,1
43,165,46.4,1,0
57,162,49.3,5,1
55,190,106.7,3,0
43,159,54.5,5,1
51,158,85.9,1,0
22,172,73.2,3,1
37,160,70.4,2,0
35,166,66.1,3,1
55,179,57.7,2,0
32,168,65.6,4,1
25,173,46.6,1,0
30,186,86.1,4,1
54,156,38.2,3,0
25,186,86.1,5,1
18,167,51.1,3,0
20,183,74.2,4,1
48,178,99.0,1,0
59,174,71.0,4,1
28,157,70.9,1,0
43,170,63.9,5,1
55,163,82.2,1,0
42,183,66.1,4,1
51,187,101.8,1,0
41,159,61.0,5,1
36,184,89.6,2,0
28,168,60.0,5,1
52,161,44.3,3,0
27,162,56.5,3,1
46,177,98.3,1,0
23,162,52.6,4,1
39,168,78.2,2,0
54,192,75.0,3,1
23,156,91.0,1,0
18,193,85.2,4,1
35,176,51.3,3,0
53,158,48.9,3,1
42,185,94.6,3,0
41,184,65.4,5,1
39,180,103.7,2,0
31,177,74.6,4,1
49,159,67.2,3,0
30,174,70.5,5,1
24,177,97.3,1,0
23,170,61.5,5,1
37,165,95.2,3,0
48,171,57.4,3,1
39,189,58.7,1,0
26,167,58.3,3,1
48,162,69.5,1,0
42,187,86.7,5,1
50,156,79.2,1,0
34,166,56.5,4,1
52,175,50.4,1,0
32,165,56.5,5,1
48,180,96.4,3,0
49,180,60.4,3,1
42,185,57.4,3,0
46,189,68.2,4,1
32,168,77.4,1,0
33,162,63.6,5,1
48,166,74.5,2,0
36,157,57.4,3,1
52,181,91.2,1,0
50,171,65.3,3,1
21,156,41.7,1,0
53,159,48.0,3,1
48,191,61.4,3,0
23,160,60.6,4,1
18,162,83.0,2,0
31,165,66.7,4,1
47,158,43.2,2,0
28,191,72.9,5,1
24,161,98.2,1,0
50,191,87.5,5,1
46,172,48.8,2,0
44,161,51.3,4,1
34,165,89.4,2,0
59,165,66.6,5,1
31,167,97.6,2,0
18,159,48.1,5,1
27,169,102.9,2,0
28,171,58.0,4,1
53,173,111.8,1,0
20,188,81.9,3,1
32,184,62.1,2,0
52,167,63.4,5,1
53,172,45.4,3,0
29,194,84.8,3,1
45,189,94.3,3,0
26,190,68.8,4,1
29,173,87.3,3,0
36,163,55.3,3,1
30,156,74.7,1,0
42,180,61.1,4,1
36,183,57.0,3,0
54,181,64.3,5,1
20,172,105.0,2,0
34,192,72.2,4,1
44,174,88.9,3,0
21,158,49.9,3,1
19,170,47.7,1,0
34,181,81.5,3,1
28,167,43.6,3,0
39,160,52.0,4,1
36,189,62.5,2,0
45,157,54.3,5,1
44,190,101.7,1,0
58,180,77.6,4,1
46,163,99.2,1,0
41,171,69.2,3,1
44,187,63.2,3,0
44,166,51.8,4,1
19,158,44.6,2,0
42,181,76.8,4,1
33,162,41.4,2,0
20,177,72.8,5,1
23,188,53.3,3,0
35,168,67.8,5,1
36,186,93.2,2,0
58,194,88.5,4,1
19,173,102.5,3,0
33,184,73.5,3,1
19,176,79.9,1,0
39,194,74.3,3,1
28,158,86.4,2,0
44,171,68.0,3,1
43,185,128.9,3,0
38,170,64.1,4,1
45,172,87.0,1,0
18,165,57.7,4,1
49,173,101.8,3,0
47,162,52.2,3,1
42,176,52.8,3,0
23,169,61.5,4,1
31,183,51.0,3,0
21,166,64.1,4,1
31,189,58.7,1,0
30,162,63.8,5,1
40,180,109.6,2,0
53,179,76.2,5,1
44,165,85.7,2,0
47,169,54.0,5,1
41,162,42.6,2,0
41,176,75.0,3,1
46,169,82.0,1,0
46,173,56.3,4,1
54,164,98.9,1,0
22,177,70.0,3,1
25,171,52.3,2,0
35,164,53.5,4,1
50,173,77.9,3,0
38,173,67.5,3,1
28,165,92.7,2,0
57,192,90.5,5,1
50,175,94.6,1,0
48,164,66.8,5,1
46,187,64.1,3,0
20,156,45.4,5,1
25,156,74.0,1,0
19,186,69.2,3,1
59,167,48.6,3,0
34,182,74.9,4,1
22,178,114.5,2,0
59,187,86.7,4,1
36,192,122.6,3,0
42,169,65.1,5,1
40,165,42.9,3,0
24,181,76.4,5,1
55,174,55.5,3,0
19,176,73.5,3,1
39,173,46.7,3,0
34,177,75.2,4,1
36,180,86.0,1,0
21,166,56.0,4,1
27,176,53.5,1,0
24,162,57.5,5,1
55,175,109.8,2,0
48,190,86.5,3,1
54,192,67.2,2,0
35,180,72.3,5,1
48,156,41.4,2,0
22,177,66.1,5,1
30,164,41.6,3,0
38,189,66.7,4,1
46,159,41.4,1,0
44,181,63.6,3,1
31,174,107.7,2,0
37,178,65.2,3,1
39,178,50.8,3,0
47,174,56.8,4,1
52,175,116.0,3,0
34,166,64.4,4,1
45,157,61.7,1,0
48,185,71.4,4,1
40,163,79.6,3,0
30,186,71.9,4,1
54,185,53.9,2,0
49,188,73.3,3,1
20,181,105.9,2,0
43,174,64.6,5,1
48,162,40.0,1,0
35,173,65.5,4,1
23,171,108.5,1,0
54,181,73.2,4,1
21,176,51.2,3,0
37,193,91.3,4,1
55,184,101.1,3,0
18,172,63.3,3,1
40,190,112.3,2,0
44,190,69.1,4,1
42,164,42.0,1,0
20,176,65.2,4,1
37,178,97.2,3,0
29,170,69.0,3,1
29,183,58.9,2,0
27,174,73.8,3,1
33,157,82.7,1,0
53,158,51.9,5,1
28,194,66.6,3,0
35,166,58.8,4,1
59,166,50.0,1,0
33,166,66.2,3,1
30,162,86.4,2,0
21,156,54.7,5,1
36,194,132.0,1,0
18,190,78.5,3,1
41,188,118.2,3,0
48,163,59.7,3,1
22,168,94.7,2,0
35,183,80.8,3,1
37,162,67.0,2,0
54,158,52.3,4,1
50,182,52.4,2,0
28,189,72.6,5,1
27,162,68.6,3,0
49,170,68.9,4,1
29,175,110.6,3,0
46,163,65.5,3,1
34,163,48.0,1,0
49,188,76.4,4,1
40,180,91.7,1,0
26,184,72.8,4,1
33,156,37.8,3,0
36,165,67.7,3,1
24,169,44.3,1,0
25,184,68.9,4,1
46,181,99.8,2,0
38,192,77.3,5,1
29,178,47.7,1,0
36,155,44.8,5,1
33,180,82.5,3,0
32,162,60.0,3,1
59,161,39.3,1,0
24,181,75.8,3,1
31,164,72.1,3,0
27,173,67.1,5,1
58,186,55.6,1,0
20,166,60.2,3,1
48,190,59.8,1,0
31,183,76.8,3,1
49,181,53.0,3,0
54,163,58.3,4,1
36,174,107.1,1,0
44,179,69.4,4,1
21,168,82.1,2,0
26,156,51.1,5,1
41,192,109.6,2,0
35,156,59.2,3,1
26,167,44.9,3,0
45,164,60.2,4,1
43,167,42.6,3,0
29,163,61.3,3,1
22,173,53.5,1,0
29,163,55.1,3,1
37,167,45.0,2,0
26,178,62.5,4,1
48,193,59.7,2,0
46,188,81.7,4,1
54,168,44.0,3,0
40,182,63.9,4,1
57,179,58.6,1,0
18,176,69.7,4,1
45,168,48.0,1,0
43,187,67.5,4,1
22,161,41.0,2,0
48,165,61.9,5,1
53,176,99.4,1,0
45,192,91.5,5,1
58,158,42.3,3,0
49,193,76.8,4,1
22,176,117.0,3,0
48,189,66.9,5,1
30,161,68.1,2,0
24,173,63.1,5,1
53,186,61.8,2,0
56,159,47.4,4,1
39,188,59.6,1,0
24,164,54.4,5,1
49,176,50.0,1,0
48,193,76.6,4,1
54,178,115.4,3,0
42,185,78.3,5,1
27,163,44.1,1,0
58,155,55.9,4,1
53,185,126.1,1,0
26,176,74.5,4,1
27,157,38.0,1,0
49,166,53.4,5,1
43,168,46.2,1,0
45,161,50.0,3,1
53,162,79.5,2,0
54,189,71.1,4,1
32,191,99.3,3,0
44,170,66.0,4,1
35,189,58.0,1,0
51,177,75.8,5,1
32,172,52.6,1,0
35,187,82.9,4,1
34,158,74.5,2,0
19,191,84.9,3,1
52,164,71.3,3,0
46,169,61.3,4,1
26,186,62.3,3,0
54,188,70.1,5,1
27,184,54.7,2,0
29,175,62.5,4,1
53,166,74.1,1,0
21,155,50.8,5,1
30,185,127.0,1,0
45,174,68.5,4,1
31,158,38.2,3,0
55,163,57.8,5,1
54,182,101.2,2,0
36,191,89.3,3,1
49,166,91.4,3,0
18,186,84.4,3,1
39,166,71.4,3,0
34,155,48.2,4,1
43,181,59.0,1,0
42,185,78.9,3,1
31,179,96.1,3,0
44,173,74.4,5,1
59,161,45.5,1,0
28,174,60.3,4,1
37,186,57.3,3,0
37,188,74.3,3,1
32,186,59.7,1,0
31,189,82.5,4,1
33,170,46.9,3,0
22,189,79.0,5,1
22,157,74.1,2,0
47,192,91.6,4,1
28,155,62.3,1,0
44,166,62.6,3,1
50,176,111.9,2,0
48,155,58.7,4,1
59,161,85.9,3,0
41,173,68.6,3,1
59,186,103.2,3,0
46,159,53.5,3,1
45,163,69.1,2,0
51,191,79.0,4,1
35,187,58.7,1,0
40,171,60.6,3,1
32,158,85.4,2,0
22,191,69.1,5,1
54,162,86.3,3,0
35,178,74.1,4,1
34,160,74.1,1,0
23,192,80.6,5,1
40,166,72.7,1,0
24,170,58.4,3,1
21,159,44.8,2,0
22,161,60.6,5,1
49,162,47.2,3,0
55,191,87.5,5,1
42,176,86.2,3,0
32,156,58.6,5,1
23,174,88.3,1,0
30,158,52.3,3,1
39,171,47.0,2,0
33,194,73.0,4,1
25,163,45.8,2,0
44,191,89.4,3,1
59,165,41.5,3,0
46,178,62.7,5,1
52,171,44.0,3,0
19,158,52.7,3,1
31,162,87.0,1,0
22,182,72.3,4,1
22,169,79.3,1,0
32,158,48.6,5,1
38,176,53.1,1,0
24,173,64.7,5,1
30,156,43.1,3,0
22,160,51.7,5,1
20,190,129.8,3,0
23,172,57.4,3,1
50,188,109.0,3,0
44,179,73.7,3,1
24,174,84.5,3,0
19,188,81.2,3,1
18,182,50.6,1,0
40,156,52.1,4,1
26,156,85.4,2,0
51,159,52.4,3,1
45,170,104.8,1,0
21,185,74.7,3,1
51,185,53.2,1,0
51,167,68.3,5,1
38,165,46.0,2,0
32,163,62.0,5,1
29,173,51.7,2,0
38,188,75.9,5,1
58,177,51.4,3,0
43,168,57.0,3,1
21,172,47.9,3,0
47,190,86.9,4,1
57,164,68.2,1,0
58,168,54.2,3,1
43,178,112.1,2,0
35,170,63.3,4,1
31,158,40.8,1,0
57,161,62.3,4,1
40,165,84.5,2,0
21,190,66.9,3,1
57,170,44.9,2,0
26,167,65.7,4,1
45,165,49.5,1,0
56,165,51.9,5,1
36,167,95.1,2,0
25,176,59.1,3,1
38,182,106.4,2,0
28,165,64.3,5,1
54,168,81.4,2,0
58,166,66.5,5,1
47,169,46.1,1,0
33,168,58.0,5,1
49,189,112.7,1,0
49,165,53.0,3,1
21,180,115.5,2,0
49,161,64.4,4,1
27,189,126.2,2,0
26,184,65.6,4,1
31,191,122.4,3,0
38,185,64.0,5,1
30,177,86.0,1,0
46,160,47.6,5,1
58,172,94.4,3,0
54,168,62.2,4,1
50,190,93.1,2,0
24,164,55.3,4,1
30,175,86.8,3,0
22,180,64.2,4,1
20,178,51.1,2,0
59,174,62.5,4,1
37,160,39.9,1,0
58,157,52.2,4,1
36,164,48.7,3,0
41,184,66.0,4,1
56,160,66.8,3,0
46,183,68.0,3,1
19,189,99.4,1,0
27,175,75.4,5,1
58,191,56.6,1,0
47,177,72.5,4,1
46,162,41.6,1,0
38,155,57.6,5,1
49,168,45.3,1,0
23,158,57.8,3,1
58,185,91.0,1,0
40,185,67.7,3,1
38,157,66.4,3,0
30,177,66.2,5,1
21,165,45.3,3,0
56,158,51.1,4,1
33,193,127.1,1,0
22,168,56.4,3,1
35,169,86.0,3,0
57,181,66.0,5,1
49,174,45.7,3,0
30,179,74.6,5,1
22,156,87.7,1,0
38,166,64.1,3,1
45,163,48.1,2,0
36,168,69.9,4,1
43,164,45.6,1,0
38,176,75.9,4,1
38,163,91.8,2,0
52,169,58.7,4,1
50,190,132.0,1,0
54,185,67.7,3,1
34,171,45.0,3,0
21,163,62.8,5,1
55,169,44.7,1,0
59,177,60.4,3,1
38,175,82.4,2,0
28,164,53.3,4,1
34,177,114.0,2,0
38,178,60.9,3,1
50,156,40.7,1,0
45,189,79.5,3,1
41,158,91.2,2,0
57,193,85.0,3,1
42,176,49.2,1,0
56,181,75.5,3,1
49,183,55.1,2,0
44,163,59.5,5,1
34,191,65.4,2,0
31,172,55.7,5,1
48,193,61.4,1,0
42,170,71.6,4,1
19,194,94.9,2,0
22,194,74.1,5,1
29,166,41.9,2,0
33,158,60.5,4,1
58,192,138.0,3,0
56,180,61.5,4,1
21,180,112.4,1,0
40,177,72.0,5,1
42,191,128.8,3,0
40,158,46.9,4,1
20,193,102.5,1,0
29,159,48.7,3,1
42,189,118.5,2,0
41,189,75.8,3,1
41,173,77.4,1,0
52,190,71.1,4,1
49,180,87.7,1,0
55,191,68.1,3,1
28,181,110.5,1,0
21,168,68.2,4,1
33,194,141.5,3,0
21,181,67.8,3,1
42,176,49.4,2,0
47,170,60.1,5,1
32,182,121.2,1,0
30,158,54.7,3,1
41,194,66.9,1,0
26,180,67.0,5,1
42,169,49.9,2,0
37,170,60.5,5,1
56,158,86.9,1,0
35,194,93.3,5,1
59,183,121.2,1,0
57,182,71.1,3,1
52,172,48.3,2,0
25,177,61.6,3,1
48,183,107.4,1,0
30,162,61.5,5,1
54,159,70.9,2,0
39,168,66.1,5,1
21,187,112.3,3,0
46,193,84.6,3,1
25,168,45.1,3,0
23,155,59.6,4,1
23,156,69.1,1,0
58,159,49.9,4,1
18,179,57.2,1,0
40,164,63.2,3,1
54,161,43.3,3,0
21,180,73.3,3,1
18,157,38.8,1,0
30,172,70.0,3,1
23,179,118.3,2,0
52,165,54.8,3,1
47,158,44.8,2,0
18,158,50.4,3,1
36,175,113.5,1,0
50,173,66.8,5,1
46,182,59.7,1,0
51,180,66.5,5,1
34,166,82.2,1,0
54,174,63.9,4,1
19,178,79.8,1,0
46,182,62.6,5,1
49,185,129.6,1,0
53,174,62.2,5,1
19,172,54.4,2,0
37,174,72.0,4,1
38,183,59.3,1,0
46,185,72.5,5,1
29,184,61.5,3,0
21,162,53.6,3,1
20,181,57.2,1,0
41,183,64.8,4,1
31,191,113.5,3,0
59,178,72.7,4,1
29,175,49.5,1,0
32,193,72.5,4,1
28,166,41.6,3,0
57,183,82.4,5,1
56,183,125.1,2,0
40,193,89.4,5,1
38,166,41.7,1,0
58,190,71.8,4,1
56,165,91.2,1,0
33,181,72.2,3,1
38,191,57.7,1,0
28,155,55.7,3,1
58,174,51.1,1,0
40,186,79.9,5,1
36,188,63.9,3,0
32,173,72.9,5,1
32,192,57.9,1,0
22,176,73.5,3,1
46,170,107.3,2,0
39,194,85.6,3,1
30,189,131.5,1,0
59,172,66.7,4,1
54,168,43.1,2,0
56,161,61.3,5,1
39,182,109.9,1,0
41,187,80.4,3,1
43,173,99.8,2,0
31,163,53.3,5,1
57,166,102.1,3,0
31,155,48.9,5,1
18,183,55.2,2,0
49,173,63.3,5,1
49,176,48.4,3,0
55,173,70.0,3,1
43,159,44.7,3,0
53,182,73.3,5,1
53,165,69.2,3,0
42,175,67.7,4,1
18,177,52.5,3,0
55,193,78.9,4,1
26,157,41.4,2,0
22,184,84.2,4,1
32,155,39.2,2,0
36,156,47.0,4,1
57,178,99.3,1,0
47,161,57.7,4,1
46,179,52.9,1,0
23,176,66.5,5,1
56,194,65.2,1,0
40,161,62.1,5,1
36,163,86.4,1,0
28,166,57.7,3,1
31,169,83.9,3,0
53,164,51.6,3,1
44,187,57.8,2,0
38,170,61.2,4,1
50,176,49.3,2,0
33,167,66.9,4,1
37,158,37.7,3,0
40,184,70.8,5,1
20,178,86.3,1,0
29,162,56.0,4,1
52,186,108.8,1,0
55,156,57.1,4,1
26,155,42.4,1,0
53,183,82.6,5,1
40,163,78.5,3,0
51,156,47.7,5,1
59,186,118.6,2,0
44,165,56.8,3,1
24,185,112.3,2,0
53,158,56.3,5,1
38,187,99.6,1,0
24,189,88.1,4,1
56,163,44.3,2,0
44,173,59.7,3,1
49,169,48.0,3,0
34,164,50.7,5,1
59,166,45.9,1,0
50,180,69.9,3,1
18,180,96.6,1,0
59,186,79.3,3,1
41,167,45.5,1,0
20,170,61.1,3,1
47,189,95.2,2,0
26,173,64.0,3,1
39,184,59.4,1,0
40,160,55.2,3,1
58,170,45.3,1,0
34,186,65.2,3,1
42,176,112.2,1,0
41,162,54.6,4,1
56,168,76.7,1,0
34,174,61.3,3,1
35,164,99.5,1,0
47,167,62.0,5,1
30,186,56.1,1,0
49,179,71.2,3,1
54,177,94.0,1,0
22,182,64.7,5,1
47,180,91.0,1,0
35,167,68.1,3,1
41,167,47.3,1,0
26,189,76.4,3,1
52,174,52.8,2,0
49,190,72.7,3,1
28,180,56.7,3,0
35,159,62.4,4,1
55,157,64.6,3,0
56,180,68.1,3,1
26,159,39.9,3,0
37,176,70.2,5,1
35,184,93.2,1,0
53,160,49.2,5,1
30,165,49.2,1,0
30,187,75.9,3,1
41,174,102.1,2,0
57,186,78.3,3,1
39,188,100.3,1,0
20,176,60.4,3,1
33,163,48.1,1,0
59,194,71.3,4,1
35,175,56.2,1,0
35,167,68.0,4,1
40,179,55.8,3,0
58,193,76.3,3,1
58,172,106.9,1,0
53,173,72.1,3,1
36,186,52.1,3,0
22,176,70.4,5,1
50,157,43.2,3,0
54,176,67.1,5,1
31,157,90.2,2,0
52,167,62.7,4,1
52,170,51.4,1,0
48,168,56.3,3,1
37,156,40.9,2,0
59,160,56.8,4,1
46,173,51.4,3,0
51,182,74.9,3,1
47,183,110.3,3,0
39,185,70.0,4,1
59,164,77.1,3,0
57,178,73.3,4,1
37,171,96.0,1,0
18,189,71.5,5,1
26,191,62.4,2,0
40,189,74.4,5,1
21,164,42.9,3,0
26,194,83.6,5,1
32,182,90.6,1,0
38,169,58.4,4,1
32,174,55.3,1,0
42,158,49.8,4,1
20,173,77.2,3,0
55,178,59.4,4,1
43,182,57.7,2,0
55,172,68.0,5,1
56,159,95.3,2,0
35,161,49.8,5,1
33,191,122.8,1,0
29,172,60.5,4,1
27,171,91.3,2,0
43,178,63.3,5,1
56,156,80.6,3,0
50,173,59.4,3,1
39,174,97.8,2,0
44,180,68.6,5,1
43,172,102.3,1,0
20,184,81.5,4,1
24,193,67.8,1,0
58,183,79.0,3,1
36,177,108.6,1,0
55,189,83.1,4,1
22,174,93.9,2,0
53,183,77.2,3,1
38,175,77.6,3,0
30,194,84.2,5,1
40,185,56.3,2,0
46,157,58.5,5,1
33,188,54.1,1,0
31,189,75.4,4,1
37,184,119.0,2,0
30,189,77.7,3,1
59,178,56.3,2,0
22,187,70.9,3,1
53,167,105.9,1,0
51,166,63.5,4,1
47,191,61.8,2,0
32,182,76.0,3,1
57,160,39.2,1,0
22,191,72.8,3,1
56,178,56.8,3,0
37,186,65.4,4,1
47,193,59.9,3,0
24,167,60.9,5,1
50,159,70.5,1,0
22,177,59.2,4,1
44,162,42.5,2,0
48,164,57.6,3,1
37,157,83.5,2,0
35,188,85.3,5,1
20,181,115.2,3,0
55,194,81.4,3,1
22,168,99.1,1,0
57,189,84.9,5,1
41,193,67.3,1,0
30,192,86.2,3,1
56,164,93.4,2,0
40,180,79.2,5,1
58,184,51.7,1,0
23,184,79.3,5,1
47,172,48.1,2,0
33,177,72.1,5,1
41,176,47.0,2,0
45,190,69.0,4,1
40,183,56.8,3,0
59,186,82.3,4,1
54,188,90.2,3,0
39,177,59.7,3,1
49,183,56.1,2,0
30,171,68.6,3,1
43,192,60.6,2,0
46,189,87.8,3,1
56,186,57.9,1,0
32,163,59.9,5,1
28,167,100.2,1,0
39,186,70.1,5,1
38,182,54.8,3,0
41,160,60.1,3,1
32,183,55.3,1,0
38,164,57.9,4,1
21,160,86.4,2,0
18,173,59.2,3,1
45,166,43.6,1,0
38,162,56.1,5,1
47,186,52.0,1,0
26,193,81.8,3,1
20,170,51.2,3,0
56,191,78.3,3,1
57,175,52.2,3,0
45,164,61.6,5,1
42,187,63.6,3,0
26,181,62.1,3,1
32,170,44.4,1,0
58,158,56.8,3,1
26,170,45.7,2,0
32,169,55.7,4,1
59,191,99.9,2,0
33,159,49.6,4,1
38,167,47.1,3,0
19,160,50.4,5,1
26,166,42.3,3,0
41,168,67.1,5,1
38,167,47.7,2,0
59,177,58.2,3,1
53,170,50.2,3,0
30,171,71.7,4,1
46,156,85.4,1,0
27,162,53.5,4,1
49,173,75.2,1,0
36,187,79.4,3,1
18,193,132.3,3,0
30,166,52.3,4,1
35,182,58.5,2,0
55,163,65.7,4,1
54,192,57.0,3,0
52,184,64.4,3,1
48,166,46.1,2,0
27,166,60.8,3,1
38,189,58.4,3,0
19,186,69.5,4,1
41,178,50.9,2,0
58,194,84.9,3,1
47,172,110.9,1,0
26,155,59.0,5,1
59,170,44.0,3,0
35,183,66.4,4,1
23,184,53.4,1,0
23,193,83.1,4,1
21,163,90.9,3,0
21,191,77.6,3,1
59,169,52.1,3,0
27,171,69.4,4,1
22,164,48.0,2,0
50,186,75.2,5,1
53,192,106.4,2,0
46,167,60.9,3,1
51,173,47.8,1,0
19,169,67.2,5,1
33,169,44.1,1,0
21,180,75.8,3,1
57,169,76.7,2,0
58,189,75.5,3,1
46,178,51.5,3,0
57,175,60.6,5,1
58,179,49.4,1,0
22,185,72.1,3,1
47,172,85.3,3,0
36,164,63.5,5,1
48,170,47.8,3,0
26,194,90.6,3,1
35,169,73.7,3,0
44,173,68.3,4,1
23,178,99.8,1,0
38,192,86.1,5,1
48,191,112.8,3,0
58,192,76.7,4,1
19,166,95.1,2,0
53,158,47.7,4,1
44,191,59.0,1,0
40,189,75.1,5,1
41,173,45.9,1,0
58,183,63.1,5,1
48,175,97.9,1,0
51,157,54.2,4,1
51,169,99.0,3,0
54,158,52.0,5,1
32,184,125.5,3,0
45,182,79.1,3,1
28,193,117.6,3,0
19,167,62.3,3,1
32,185,58.4,2,0
33,183,82.1,5,1
46,159,42.1,2,0
19,174,66.2,3,1
43,189,55.6,3,0
25,165,54.1,5,1
22,161,88.7,1,0
28,160,63.4,5,1
49,187,60.4,2,0
27,193,87.1,4,1
54,187,98.0,1,0
59,190,68.7,4,1
20,173,46.0,3,0
42,171,71.0,3,1
28,165,94.0,2,0
40,190,69.8,3,1
20,163,42.9,3,0
38,170,70.8,5,1
32,180,84.3,2,0
35,192,80.0,3,1
32,167,50.9,3,0
42,194,71.0,4,1
42,187,131.4,3,0
26,168,55.8,4,1
58,172,82.1,3,0
46,164,64.9,5,1
46,181,123.5,2,0
59,165,65.8,5,1
41,155,42.1,1,0
49,170,58.0,3,1
57,158,39.0,2,0
24,187,70.3,3,1
33,168,91.9,2,0
58,189,79.8,5,1
34,191,65.2,3,0
31,184,68.1,4,1
41,188,56.9,1,0
35,173,71.7,4,1
20,189,54.3,3,0
42,194,82.8,4,1
28,155,77.4,1,0
53,193,81.9,4,1
38,174,107.9,3,0
26,155,56.9,4,1
34,186,61.5,3,0
43,180,70.6,5,1
46,178,57.2,3,0
40,187,72.7,3,1
55,160,44.0,1,0
20,160,50.3,3,1
53,169,50.9,3,0
30,187,68.8,3,1
53,159,42.8,3,0
51,160,61.2,5,1
51,173,46.5,2,0
44,192,82.0,5,1
37,178,117.2,2,0
20,164,64.3,4,1
33,171,102.4,3,0
57,164,64.2,4,1
56,184,52.9,2,0
43,194,90.4,4,1
58,167,49.6,3,0
18,190,74.2,5,1
59,159,93.1,2,0
44,189,73.7,5,1
30,157,45.3,1,0
45,164,63.6,5,1
24,163,42.0,1,0
47,194,85.5,4,1
56,164,78.7,1,0
57,170,71.4,4,1
46,163,43.4,2,0
30,177,66.1,3,1
27,194,115.3,1,0
19,184,80.4,3,1
55,169,45.3,3,0
58,166,52.2,4,1
35,174,90.4,2,0
33,159,48.1,5,1
39,171,46.7,1,0
53,169,65.9,5,1
46,158,82.6,1,0
37,172,73.6,5,1
59,191,60.6,2,0
55,170,61.5,4,1
51,192,55.9,3,0
22,194,73.8,3,1
22,170,45.7,1,0
52,172,71.0,5,1
48,163,85.0,1,0
33,174,75.3,4,1
48,169,45.7,1,0
37,189,71.5,5,1
56,179,56.7,2,0
26,169,70.4,5,1
54,157,92.6,3,0
26,184,81.0,4,1
29,178,111.1,3,0
50,184,70.7,4,1
53,185,55.9,2,0
55,156,50.1,4,1
52,191,58.0,2,0
52,157,49.6,4,1
34,194,57.5,2,0
42,162,55.9,4,1
30,169,49.0,1,0
55,191,77.2,4,1
20,174,50.6,1,0
54,178,62.8,3,1
53,162,47.8,1,0
47,191,82.1,3,1
49,177,49.0,2,0
40,194,91.7,3,1
36,191,57.6,1,0
43,167,59.6,4,1
40,187,119.4,2,0
54,157,55.6,3,1
38,161,47.1,2,0
59,173,71.3,3,1
28,167,47.2,3,0
50,162,61.7,3,1
21,172,86.3,2,0
25,173,66.6,5,1
49,175,54.2,1,0
48,190,87.4,5,1
42,184,107.4,2,0
44,180,73.5,3,1
20,180,112.6,1,0
37,192,85.4,4,1
21,162,85.1,1,0
22,167,64.5,3,1
49,172,93.1,1,0
57,191,87.0,5,1
36,186,53.0,2,0
42,174,73.8,3,1
23,160,40.8,1,0
20,191,69.5,5,1
32,171,53.7,2,0
56,157,58.0,4,1
28,184,54.4,3,0
38,191,75.1,3,1
45,158,40.5,3,0
26,177,74.0,3,1
26,158,45.5,2,0
24,189,71.2,5,1
45,159,42.5,2,0
44,161,51.6,3,1
25,162,76.2,2,0
41,156,53.9,5,1
59,180,97.4,3,0
19,180,66.3,4,1
49,168,42.9,1,0
55,176,71.2,4,1
36,170,85.9,3,0
36,174,71.9,3,1
30,170,48.6,3,0
20,163,61.4,4,1
46,159,95.4,1,0
57,162,53.7,4,1
21,170,50.5,2,0
52,168,56.2,5,1
48,166,43.1,3,0
30,156,45.6,5,1
26,175,47.3,3,0
52,192,86.5,5,1
21,157,45.2,3,0
43,167,56.8,3,1
36,189,108.1,2,0
48,157,58.7,5,1
52,175,54.4,2,0
35,179,67.5,4,1
35,185,59.2,2,0
58,165,62.1,5,1
36,155,65.6,3,0
56,155,53.8,3,1
25,169,85.2,3,0
38,185,69.8,5,1
40,177,54.3,3,0
56,189,86.0,3,1
48,159,40.9,1,0
20,164,59.3,4,1
52,179,51.4,1,0
21,180,75.6,4,1
30,177,78.5,1,0
57,185,70.4,4,1
52,178,102.9,2,0
28,180,64.2,3,1
26,155,40.6,2,0
30,192,68.7,3,1
57,185,56.7,2,0
19,165,63.6,3,1
48,180,97.0,3,0
39,161,57.5,4,1
25,183,96.0,1,0
33,187,65.7,4,1
49,157,43.3,3,0
26,159,61.5,3,1
44,185,56.9,2,0
21,175,68.6,5,1
39,155,79.4,2,0
54,165,54.0,4,1
42,175,97.1,1,0
43,194,82.9,3,1
27,167,99.5,2,0
41,157,49.0,3,1
30,165,72.8,2,0
50,156,45.6,3,1
28,160,46.2,1,0
39,168,55.0,5,1
42,192,103.2,2,0
27,156,60.2,3,1
25,161,44.3,3,0
18,166,59.0,4,1
21,188,128.8,1,0
29,178,63.8,4,1
23,184,116.3,3,0
45,186,85.1,3,1
25,190,59.0,1,0
21,164,50.6,5,1
26,186,97.0,2,0
19,175,76.2,5,1
55,187,115.1,2,0
19,191,86.6,5,1
37,175,48.1,1,0
36,162,53.4,3,1
37,192,63.5,3,0
27,162,50.8,5,1
37,171,76.1,2,0
54,163,59.9,5,1
59,161,70.0,2,0
47,183,75.8,5,1
40,171,107.1,1,0
55,157,52.4,5,1
20,168,46.8,1,0
44,155,58.7,3,1
28,163,87.6,1,0
20,193,77.8,4,1
43,160,40.8,2,0
52,164,54.0,4,1
39,163,43.0,3,0
35,183,63.0,3,1
22,162,45.0,2,0
54,172,72.3,4,1
40,157,40.5,2,0
46,160,55.1,4,1
54,165,43.6,2,0
36,186,71.3,5,1
29,189,116.8,1,0
34,189,79.3,4,1
19,190,116.8,1,0
22,167,61.3,4,1
41,181,50.2,1,0
49,179,75.9,4,1
44,186,52.3,3,0
20,179,62.7,3,1
25,193,56.9,3,0
21,158,59.2,4,1
23,163,91.8,3,0
22,181,74.6,5,1
59,192,61.6,3,0
28,182,76.9,5,1
59,170,44.4,3,0
45,183,69.6,4,1
42,193,63.1,2,0
39,159,49.9,5,1
32,181,58.8,2,0
39,158,46.6,5,1
35,163,74.0,2,0
22,160,51.9,5,1
29,185,58.9,2,0
37,186,73.1,4,1
53,172,47.9,3,0
43,158,52.3,4,1
29,170,96.8,3,0
44,155,53.1,5,1
50,185,105.9,2,0
40,187,68.3,5,1
46,184,105.8,1,0
28,176,72.2,5,1
28,171,48.7,1,0
45,194,73.2,4,1
59,193,120.1,3,0
31,185,66.9,4,1
31,178,48.2,3,0
48,159,52.2,4,1
40,192,92.2,2,0
44,188,67.5,3,1
21,172,53.1,2,0
44,180,76.9,3,1
45,188,93.7,2,0
22,163,51.7,4,1
18,188,90.6,3,0
53,180,66.4,3,1
46,158,82.3,1,0
25,159,57.1,4,1
22,175,78.6,1,0
32,192,85.8,4,1
21,165,73.6,2,0
45,159,58.4,5,1
43,164,47.6,3,0
44,163,60.0,5,1
30,160,44.6,3,0
21,176,64.8,4,1
34,163,80.3,1,0
30,183,62.3,5,1
35,172,104.2,3,0
47,163,49.6,3,1
44,190,65.7,2,0
56,179,73.7,5,1
55,192,102.6,1,0
18,170,62.6,5,1
25,166,73.8,3,0
25,165,60.6,5,1
32,169,52.3,1,0
31,178,64.7,5,1
26,160,66.6,1,0
20,173,57.4,5,1
59,162,77.5,3,0
57,184,72.5,3,1
34,186,57.0,3,0
20,184,68.7,4,1
55,190,103.0,3,0
25,155,46.6,3,1
38,188,95.1,2,0
52,172,61.6,3,1
58,187,116.0,3,0
43,160,59.0,4,1
56,161,47.2,2,0
41,156,56.0,5,1
38,172,48.1,2,0
40,178,77.0,4,1
23,167,49.6,3,0
19,169,57.5,4,1
23,169,79.6,2,0
26,166,65.8,5,1
54,168,42.7,2,0
26,157,51.2,4,1
29,183,52.7,3,0
35,165,67.0,4,1
30,190,128.4,3,0
29,176,63.4,3,1
50,157,41.0,3,0
47,179,78.8,3,1
47,188,120.9,1,0
53,161,62.1,4,1
43,168,80.0,3,0
32,157,48.2,5,1
33,175,52.4,2,0
35,159,62.7,5,1
42,168,71.0,2,0
41,169,58.2,5,1
34,160,91.8,2,0
27,182,78.1,5,1
35,191,64.0,2,0
46,164,53.6,3,1
28,180,99.6,2,0
49,177,64.6,4,1
30,175,49.9,1,0
32,166,66.8,5,1
29,177,53.0,2,0
39,193,78.7,5,1
25,193,58.3,3,0
58,170,55.8,3,1
42,167,45.0,2,0
46,188,68.0,4,1
42,158,39.8,3,0
43,181,72.9,4,1
48,157,39.1,1,0
49,192,78.1,5,1
20,189,64.4,1,0
44,159,53.0,5,1
34,189,97.9,1,0
34,191,70.9,4,1
31,168,50.4,3,0
28,180,62.8,3,1
39,183,60.3,1,0
57,165,52.1,4,1
19,184,62.1,2,0
42,167,59.4,4,1
43,168,47.7,1,0
38,180,77.4,4,1
31,163,91.9,3,0
32,179,66.9,3,1
32,179,115.5,1,0
33,157,46.8,4,1
49,166,74.0,3,0
42,159,59.9,4,1
55,193,134.3,1,0
49,171,69.8,5,1
23,167,43.0,1,0
49,155,57.4,3,1
19,191,113.5,1,0
59,191,76.9,3,1
32,184,60.6,3,0
58,169,53.6,4,1
23,172,78.3,3,0
36,159,50.7,3,1
27,166,42.5,2,0
47,191,74.5,4,1
56,160,76.7,3,0
53,159,50.0,5,1
49,177,87.8,3,0
22,167,58.9,4,1
40,166,47.8,1,0
41,184,62.8,5,1
51,177,112.7,2,0
35,191,85.5,5,1
31,155,37.7,2,0
53,155,51.6,3,1
37,175,54.4,2,0
41,193,92.4,3,1
23,164,70.6,2,0
42,168,62.7,3,1
28,193,62.7,1,0
58,186,70.2,5,1
32,170,47.1,2,0
49,160,56.3,5,1
42,161,75.0,1,0
21,180,69.2,3,1
22,159,90.2,1,0
25,167,55.6,4,1
25,184,109.8,2,0
50,163,63.9,3,1
50,163,78.0,1,0
21,170,71.1,5,1
31,167,89.8,1,0
52,169,65.2,5,1
19,156,37.4,3,0
36,192,73.7,4,1
23,180,122.5,1,0
47,165,55.6,4,1
55,157,42.5,2,0
41,165,56.5,3,1
40,164,94.2,3,0
34,180,73.1,5,1
46,178,57.3,3,0
23,164,61.8,4,1
49,171,91.3,2,0
26,193,92.7,3,1
41,160,46.0,2,0
50,173,57.9,4,1
46,178,55.1,2,0
59,180,77.9,4,1
30,193,64.0,2,0
38,179,76.6,5,1
42,168,97.2,2,0
39,193,70.7,3,1
53,167,49.4,3,0
48,164,50.4,3,1
24,186,62.6,1,0
48,183,62.1,5,1
43,185,118.8,1,0
48,191,85.7,3,1
40,189,103.4,1,0
18,166,65.7,4,1
40,176,111.7,1,0
34,160,55.6,3,1
55,159,76.1,3,0
59,180,71.1,3,1
33,184,53.0,1,0
28,159,49.9,5,1
51,173,45.8,3,0
37,177,59.0,3,1
29,155,38.8,2,0
18,186,65.5,3,1
35,184,104.8,2,0
57,164,63.3,3,1
54,165,78.4,3,0
30,182,63.5,4,1
27,166,97.0,3,0
48,175,57.7,3,1
48,168,49.0,1,0
40,166,56.6,4,1
56,176,99.6,2,0
52,163,57.2,5,1
37,175,80.6,2,0
40,194,71.3,4,1
45,184,57.3,2,0
39,179,60.6,4,1
25,168,105.6,1,0
49,157,51.4,3,1
30,177,50.7,3,0
24,191,89.2,5,1
27,184,60.7,1,0
20,162,53.2,4,1
20,174,83.9,1,0
26,184,81.2,5,1
25,182,57.4,3,0
35,161,63.1,5,1
22,180,55.6,3,0
42,193,71.6,5,1
44,193,67.0,1,0
46,185,74.8,4,1
21,182,123.6,2,0
18,186,67.2,3,1
58,172,44.8,2,0
33,190,81.8,4,1
55,177,47.0,3,0
19,189,69.6,3,1
59,191,61.3,2,0
45,183,66.6,5,1
20,163,80.7,1,0
34,155,55.5,4,1
28,182,89.6,1,0
44,179,74.7,5,1
44,167,45.7,2,0
25,185,70.1,4,1
21,172,101.9,3,0
29,162,59.9,5,1
58,171,45.1,3,0
23,193,85.0,3,1
20,181,113.8,1,0
43,175,67.0,5,1
26,177,57.3,1,0
22,182,73.6,5,1
40,192,56.2,1,0
56,164,55.2,4,1
44,174,48.4,1,0
55,174,70.9,4,1
24,177,49.9,1,0
52,155,56.8,4,1
23,177,53.6,2,0
35,168,69.8,4,1
55,167,78.5,1,0
42,178,63.3,4,1
35,182,60.5,3,0
26,189,74.2,3,1
57,193,59.1,1,0
56,176,73.1,3,1
41,169,44.2,3,0
51,158,50.7,4,1
38,162,76.3,3,0
39,175,69.6,4,1
30,155,38.1,2,0
39,166,54.6,5,1
33,166,90.6,1,0
56,162,52.1,4,1
25,187,62.6,3,0
46,159,56.9,3,1
58,160,87.5,3,0
40,165,53.4,3,1
59,181,88.0,3,0
38,190,67.9,3,1
57,192,127.9,1,0
53,177,76.0,5,1
54,165,43.2,3,0
57,175,62.3,4,1
41,192,57.3,2,0
48,166,62.9,3,1
29,181,51.1,3,0
26,162,53.3,5,1
41,170,100.7,2,0
51,192,72.2,3,1
48,177,55.0,2,0
21,189,85.9,5,1
32,167,48.5,3,0
39,182,64.7,4,1
55,183,57.7,2,0
35,184,72.1,4,1
46,193,67.9,2,0
27,174,66.0,4,1
34,160,87.5,2,0
58,176,58.0,5,1
46,161,78.8,1,0
28,179,71.6,3,1
34,184,122.8,3,0
20,192,89.3,4,1
23,194,64.2,3,0
59,189,75.3,4,1
19,182,113.2,1,0
22,193,78.6,3,1
59,186,103.3,3,0
37,183,69.8,5,1
57,190,122.3,3,0
23,183,62.7,5,1
19,176,48.2,1,0
35,179,61.6,4,1
47,155,40.7,2,0
28,188,72.6,5,1
19,174,46.3,1,0
47,167,53.2,4,1
45,174,112.5,1,0
37,155,51.1,3,1
41,179,116.8,1,0
42,179,71.0,5,1
28,164,82.0,3,0
37,159,51.8,5,1
49,181,116.4,2,0
56,178,70.9,4,1
56,194,115.9,3,0
35,192,80.6,5,1
55,187,89.3,3,0
26,187,84.5,5,1
46,185,59.8,3,0
37,158,49.1,3,1
52,167,87.9,1,0
21,172,54.8,5,1
46,185,97.1,1,0
19,160,54.0,5,1
51,164,45.0,2,0
44,193,84.9,5,1
53,163,46.9,3,0
39,160,61.3,4,1
50,168,105.7,3,0
44,156,50.1,5,1
19,170,46.0,2,0
39,174,75.0,4,1
30,188,59.7,1,0
18,161,54.8,4,1
41,173,51.7,3,0
38,183,63.1,5,1
53,181,112.9,3,0
28,187,66.6,5,1
29,156,39.1,1,0
40,175,68.4,4,1
38,166,43.2,2,0
39,160,55.2,3,1
53,161,87.7,3,0
29,160,55.7,3,1
48,166,86.9,3,0
24,190,67.5,3,1
25,194,62.1,3,0
48,190,67.4,3,1
40,174,94.7,3,0
59,193,71.1,5,1
21,185,86.8,3,0
48,162,54.0,3,1
51,161,96.6,1,0
18,156,53.4,5,1
54,161,91.5,3,0
54,157,56.7,3,1
26,181,101.6,3,0
48,180,68.7,5,1
46,181,97.8,1,0
52,177,63.5,5,1
44,185,58.4,2,0
57,175,72.4,3,1
20,192,99.3,1,0
44,175,70.0,4,1
27,157,40.6,1,0
41,168,66.4,3,1
21,170,45.4,1,0
22,167,52.3,3,1
36,191,114.7,3,0
50,175,65.6,5,1
49,178,54.6,2,0
43,178,59.5,5,1
51,166,95.7,1,0
23,184,68.0,4,1
55,168,72.8,2,0
30,184,66.8,3,1
56,157,40.0,1,0
55,194,71.8,4,1
41,171,47.3,2,0
53,181,76.5,3,1
55,175,91.4,1,0
50,193,82.7,3,1
33,178,50.8,1,0
47,161,62.3,5,1
44,189,64.1,3,0
31,169,56.5,4,1
37,180,91.1,2,0
57,184,67.5,3,1
24,158,43.2,1,0
51,193,89.2,3,1
46,189,113.0,3,0
45,183,62.5,5,1
46,156,70.6,3,0
39,164,55.0,3,1
36,178,105.0,2,0
34,164,65.4,3,1
43,180,52.8,1,0
38,190,89.2,5,1
24,188,60.2,1,0
56,183,80.5,4,1
50,178,95.4,3,0
33,182,71.5,4,1
49,183,50.2,2,0
20,180,63.1,5,1
44,158,80.1,1,0
28,176,76.8,3,1
27,188,104.3,1,0
32,173,72.3,5,1
25,174,46.3,3,0
56,190,72.4,3,1
48,163,84.8,3,0
35,187,84.6,4,1
18,167,105.4,2,0
22,165,50.6,3,1
53,169,51.0,2,0
31,178,62.3,3,1
29,174,100.4,1,0
56,157,45.7,3,1
44,190,110.0,1,0
20,178,60.6,4,1
56,172,106.1,1,0
18,180,77.3,4,1
38,167,78.6,3,0
36,160,61.5,5,1
45,182,54.2,1,0
36,189,69.2,5,1
37,191,107.4,1,0
32,158,52.4,5,1
28,177,102.2,3,0
30,167,52.6,4,1
27,191,136.2,2,0
33,175,62.5,5,1
30,187,60.5,2,0
40,169,60.8,4,1
33,172,54.1,1,0
26,171,65.5,4,1
25,157,75.0,3,0
44,186,71.8,3,1
48,167,104.1,1,0
50,185,71.9,4,1
57,177,78.3,3,0
51,184,80.9,3,1
39,187,110.7,1,0
54,177,68.1,5,1
29,164,41.2,2,0
35,181,70.1,5,1
27,164,48.3,1,0
31,167,58.6,3,1
27,169,44.7,2,0
47,194,81.9,4,1
31,155,72.1,2,0
49,162,57.3,3,1
47,191,61.8,2,0
27,159,47.9,3,1
54,155,43.9,1,0
41,168,69.4,3,1
25,162,73.5,1,0
55,156,60.2,4,1
18,165,49.9,1,0
45,185,78.5,4,1
46,165,69.1,2,0
44,162,64.6,5,1
18,193,107.7,2,0
21,172,72.8,3,1
44,170,48.4,2,0
52,160,57.4,4,1
43,193,122.8,1,0
23,163,61.3,4,1
22,193,61.1,2,0
44,183,82.2,4,1
20,159,84.5,3,0
44,187,77.6,3,1
54,169,48.7,1,0
22,163,50.2,5,1
47,161,44.2,2,0
52,181,65.6,3,1
48,172,51.7,2,0
24,191,69.7,4,1
29,162,48.1,1,0
40,165,53.4,5,1
23,166,77.0,3,0
20,182,63.0,5,1
36,194,59.8,1,0
34,173,63.4,4,1
41,193,112.8,3,0
47,180,63.9,5,1
56,157,44.6,3,0
44,183,77.1,3,1
28,185,59.7,1,0
53,156,49.6,4,1
54,181,92.5,3,0
40,164,64.0,4,1
24,186,58.5,1,0
49,173,61.6,5,1
39,188,57.3,2,0
43,186,81.1,5,1
29,194,108.6,3,0
25,187,79.8,3,1
43,161,83.9,3,0
22,192,83.4,4,1
42,178,117.7,3,0
25,177,66.2,5,1
42,169,42.9,1,0
36,167,55.6,5,1
40,194,63.6,1,0
51,164,55.6,4,1
21,158,41.9,2,0
57,174,58.8,5,1
40,174,48.9,1,0
22,181,80.6,3,1
51,184,61.6,2,0
39,164,54.6,4,1
38,185,55.3,3,0
47,162,55.5,4,1
23,170,49.0,3,0
41,159,47.1,5,1
46,165,41.2,2,0
50,172,59.4,5,1
42,191,65.2,2,0
55,182,77.2,3,1
27,191,57.9,1,0
24,167,55.4,5,1
42,167,44.6,1,0
35,175,59.9,4,1
41,171,90.9,3,0
30,182,66.8,4,1
26,175,113.6,1,0
24,174,63.6,5,1
52,164,41.9,2,0
51,178,68.8,3,1
30,194,60.7,3,0
47,161,50.2,4,1
53,180,56.4,3,0
26,159,58.7,5,1
46,170,46.6,3,0
44,172,58.4,3,1
30,184,121.7,1,0
58,169,65.1,4,1
25,185,57.3,3,0
31,177,67.9,4,1
51,173,53.9,1,0
43,193,84.2,5,1
56,183,88.3,2,0
26,169,60.6,4,1
19,157,69.1,1,0
56,167,59.6,3,1
49,168,46.3,2,0
31,162,52.4,3,1
38,186,60.1,3,0
54,175,75.9,5,1
55,155,37.0,1,0
24,192,83.9,5,1
59,186,63.2,2,0
54,171,63.0,3,1
51,194,62.2,2,0
21,162,54.1,4,1
46,180,58.2,2,0
58,156,48.6,5,1
45,194,130.0,2,0
38,164,53.2,3,1
34,160,77.5,2,0
26,168,61.7,4,1
34,188,128.2,3,0
33,176,71.7,5,1
19,162,43.0,1,0
53,171,58.1,5,1
37,190,54.5,2,0
41,156,49.6,4,1
18,167,44.5,2,0
23,157,47.5,4,1
34,189,62.2,3,0
40,162,53.5,4,1
43,164,44.9,2,0
45,186,69.1,3,1
46,169,100.7,1,0
36,159,55.5,3,1
22,169,43.2,1,0
45,170,65.3,3,1
57,175,53.1,1,0
58,155,57.9,4,1
57,173,91.0,1,0
21,168,52.8,5,1
39,184,51.7,1,0
57,160,54.8,4,1
22,164,42.8,2,0
52,182,80.2,5,1
40,189,109.5,3,0
33,170,70.5,3,1
37,190,57.7,1,0
54,174,57.6,4,1
48,176,46.9,2,0
28,163,55.7,4,1
58,191,131.4,2,0
21,178,72.8,3,1
27,170,52.0,2,0
35,172,72.3,3,1
24,164,90.3,3,0
34,168,61.5,3,1
23,174,110.5,1,0
46,171,59.2,5,1
35,165,41.8,3,0
20,192,89.0,5,1
57,158,43.7,1,0
56,194,73.3,3,1
54,186,57.5,1,0
49,156,55.3,3,1
55,172,54.0,2,0
53,170,66.0,4,1
36,171,76.7,2,0
37,194,91.9,5,1
59,178,95.1,1,0
28,181,72.7,5,1
51,175,101.1,2,0
24,192,69.5,4,1
31,163,86.4,3,0
29,168,68.6,3,1
52,169,51.1,3,0
25,177,70.3,5,1
47,156,67.9,3,0
26,192,72.2,4,1
41,162,44.8,1,0
41,185,69.4,3,1
41,164,80.2,2,0
20,184,76.8,4,1
37,189,123.8,1,0
54,164,66.7,3,1
59,183,107.3,2,0
21,184,76.5,5,1
48,193,120.6,1,0
39,182,67.1,3,1
35,161,38.9,1,0
52,191,89.4,3,1
37,159,45.1,1,0
30,185,72.6,5,1
20,156,78.7,1,0
26,158,48.4,4,1
18,193,97.5,2,0
26,174,64.9,3,1
19,175,50.8,2,0
35,164,59.2,4,1
38,176,108.1,3,0
19,161,61.2,3,1
36,182,111.1,2,0
20,193,81.1,5,1
32,157,66.2,3,0
57,192,91.7,3,1
34,192,110.6,3,0
50,183,79.0,4,1
58,194,105.4,3,0
27,186,83.7,3,1
25,174,48.5,2,0
26,177,66.3,4,1
31,185,106.3,1,0
22,160,59.9,5,1
35,168,82.9,3,0
54,191,69.3,4,1
37,156,39.7,1,0
42,176,73.7,4,1
55,168,48.1,3,0
46,179,72.0,4,1
33,156,68.4,2,0
35,174,61.1,3,1
58,188,132.1,2,0
18,177,59.6,3,1
49,156,38.4,3,0
19,158,53.1,3,1
40,160,74.6,3,0
36,182,64.9,5,1
21,161,83.6,3,0
58,171,56.2,4,1
54,156,43.3,3,0
29,173,65.1,3,1
18,163,94.1,2,0
19,173,68.8,3,1
39,158,44.4,1,0
46,155,48.3,4,1
25,181,58.5,2,0
57,185,70.5,3,1
27,170,99.7,2,0
58,174,64.8,3,1
34,157,78.7,2,0
51,174,74.1,5,1
21,172,105.6,3,0
35,175,70.5,3,1
58,177,53.4,2,0
38,188,67.7,4,1
48,160,38.5,3,0
28,183,74.8,5,1
57,165,43.9,3,0
29,180,77.9,3,1
36,181,52.5,2,0
46,157,57.4,4,1
41,191,55.8,1,0
25,179,65.2,5,1
40,183,60.8,3,0
41,185,84.6,3,1
25,188,60.3,1,0
20,165,62.0,5,1
50,162,41.3,3,0
44,183,67.3,3,1
26,168,47.5,1,0
45,191,76.7,4,1
45,190,106.9,3,0
45,161,60.4,3,1
41,173,101.9,1,0
37,175,66.6,4,1
45,186,55.5,2,0
20,185,79.9,4,1
27,192,115.7,1,0
40,172,57.2,4,1
30,178,92.3,3,0
38,160,62.5,3,1
40,159,88.5,2,0
45,165,51.7,5,1
55,188,129.7,3,0
18,188,71.6,5,1
37,172,82.9,2,0
28,164,60.7,5,1
18,157,84.9,2,0
45,182,70.0,4,1
50,179,89.8,3,0
23,168,69.1,3,1
18,192,65.7,1,0
26,160,53.0,4,1
54,168,45.1,1,0
59,168,64.8,3,1
47,183,86.8,2,0
37,171,56.2,5,1
47,181,119.5,2,0
38,182,69.1,3,1
28,165,69.4,2,0
23,186,74.3,4,1
30,193,67.3,1,0
34,155,44.5,4,1
34,184,90.2,3,0
42,189,76.4,3,1
43,192,64.7,3,0
20,178,63.1,4,1
28,184,52.3,1,0
40,157,49.9,5,1
38,175,55.0,2,0
54,192,68.7,4,1
28,183,120.2,2,0
58,171,67.5,4,1
43,166,47.2,2,0
25,172,56.1,5,1
31,193,56.6,3,0
19,189,73.5,4,1
40,159,42.2,2,0
57,182,63.0,5,1
55,161,42.2,1,0
50,186,81.3,3,1
27,158,44.3,3,0
26,184,63.5,5,1
26,192,97.9,1,0
40,169,57.3,3,1
52,167,70.7,3,0
40,171,72.6,5,1
19,191,106.4,2,0
28,194,88.5,5,1
59,155,76.1,1,0
33,184,64.4,4,1
27,187,88.2,3,0
28,165,51.5,5,1
43,174,48.2,3,0
27,182,81.0,4,1
30,179,117.7,3,0
19,174,61.2,3,1
19,170,49.8,1,0
26,175,69.4,4,1
51,174,48.8,1,0
55,161,64.3,4,1
52,158,41.7,3,0
38,168,61.9,4,1
46,190,92.4,1,0
30,168,62.3,3,1
38,170,84.9,3,0
52,185,71.1,5,1
26,156,66.1,1,0
18,160,48.3,3,1
28,187,127.2,2,0
57,179,76.1,4,1
43,181,95.8,2,0
29,176,65.3,5,1
32,171,45.1,2,0
38,194,81.9,5,1
50,166,41.6,3,0
21,171,59.4,5,1
21,183,100.6,1,0
28,194,79.4,3,1
42,188,96.5,3,0
29,179,70.7,5,1
41,162,85.1,1,0
25,186,75.6,5,1
18,169,51.1,3,0
54,175,67.3,5,1
57,189,93.5,2,0
39,190,68.9,5,1
44,188,125.2,2,0
28,159,48.0,4,1
42,164,102.1,1,0
31,162,60.2,4,1
59,160,46.3,1,0
57,159,62.1,5,1
22,159,38.7,2,0
38,169,59.5,5,1
23,174,48.5,3,0
30,156,55.3,5,1
28,191,65.2,1,0
56,162,48.6,5,1
22,173,45.2,1,0
36,167,51.8,4,1
47,159,42.9,3,0
45,191,83.4,3,1
52,181,105.6,1,0
56,172,72.3,5,1
35,161,39.0,2,0
47,171,56.6,5,1
30,193,60.3,3,0
18,186,76.5,4,1
19,172,50.3,2,0
35,159,56.4,3,1
49,168,89.0,3,0
24,167,55.4,4,1
22,155,73.0,3,0
46,192,82.4,5,1
28,177,54.7,3,0
50,191,80.4,5,1
23,192,126.5,1,0
50,179,59.7,3,1
59,192,117.4,2,0
55,171,54.8,5,1
40,174,54.1,2,0
44,164,58.8,3,1
39,167,47.7,1,0
57,166,66.6,4,1
23,179,58.2,3,0
38,192,89.8,3,1
32,177,56.6,2,0
32,163,63.5,4,1
45,184,51.0,2,0
47,189,68.2,4,1
37,185,54.6,1,0
59,159,59.6,5,1
18,173,89.3,3,0
59,179,68.3,5,1
22,155,39.5,1,0
32,178,77.1,4,1
28,172,84.5,3,0
29,161,51.6,3,1
21,191,57.9,3,0
48,155,55.8,3,1
42,172,76.3,1,0
42,172,72.4,5,1
20,179,93.8,3,0
36,169,69.3,4,1
54,182,91.8,3,0
40,164,55.1,4,1
41,172,53.6,2,0
25,189,74.8,3,1
20,175,96.8,1,0
38,163,49.9,3,1
43,188,56.9,3,0
31,177,63.9,4,1
49,180,107.0,2,0
42,172,58.0,3,1
41,157,44.5,2,0
55,176,69.9,4,1
25,192,98.8,2,0
29,173,59.0,5,1
27,168,98.4,1,0
32,183,78.6,5,1
20,157,39.9,2,0
23,168,55.2,3,1
59,167,95.1,2,0
51,164,65.4,5,1
29,157,43.9,2,0
30,161,61.7,5,1
40,168,44.2,3,0
58,190,72.5,4,1
52,175,109.5,1,0
32,179,63.8,3,1
19,171,100.6,3,0
43,186,77.8,5,1
26,168,44.6,2,0
46,183,74.3,5,1
34,160,44.3,3,0
50,183,70.2,5,1
31,190,113.6,2,0
57,167,60.1,3,1
37,161,93.5,3,0
59,156,46.4,5,1
22,170,86.8,2,0
39,180,76.1,3,1
38,172,52.5,1,0
22,167,66.8,4,1
54,180,109.5,2,0
22,187,68.2,5,1
36,169,105.4,2,0
34,170,70.1,5,1
23,157,38.6,2,0
23,192,80.2,5,1
23,174,113.8,3,0
55,180,74.7,4,1
48,178,54.8,1,0
48,193,80.5,3,1
44,188,132.4,1,0
33,192,81.6,3,1
50,183,104.9,2,0
25,186,81.2,5,1
24,185,130.0,3,0
54,172,58.3,5,1
22,183,58.7,1,0
28,191,77.0,5,1
49,194,64.7,3,0
45,187,82.1,4,1
43,186,63.6,2,0
39,176,60.2,4,1
25,158,37.5,1,0
26,194,78.8,4,1
43,175,105.9,2,0
46,192,68.6,3,1
49,173,53.0,3,0
31,169,60.5,3,1
52,168,44.7,2,0
25,162,62.2,4,1
34,167,43.7,3,0
37,192,84.9,4,1
39,191,55.2,2,0
57,163,49.6,3,1
57,184,106.2,2,0
31,179,72.0,5,1
49,185,58.7,3,0
50,181,64.4,3,1
47,169,91.0,2,0
59,192,85.0,5,1
32,164,78.2,1,0
33,168,69.4,3,1
48,164,46.0,3,0
19,158,55.6,4,1
28,191,109.5,1,0
19,159,59.9,5,1
56,158,92.7,1,0
43,161,53.7,3,1
50,180,59.0,2,0
43,185,78.6,3,1
48,194,62.3,3,0
34,180,67.4,3,1
55,178,56.2,3,0
44,176,75.4,4,1
18,181,119.0,2,0
44,164,52.9,5,1
48,186,130.0,3,0
58,168,57.4,4,1
33,182,103.3,2,0
35,161,48.0,4,1
24,158,65.5,2,0
37,185,66.0,4,1
38,172,48.6,2,0
47,187,77.9,5,1
36,185,62.4,2,0
57,176,74.3,4,1
27,184,94.7,1,0
36,177,76.3,3,1
41,167,50.5,2,0
51,163,63.8,5,1
18,162,40.6,1,0
48,193,69.4,5,1
56,192,61.3,3,0
44,180,66.1,4,1
43,165,48.7,2,0
29,163,51.7,4,1
22,163,90.0,2,0
31,190,86.3,4,1
54,192,57.6,3,0
52,174,57.5,3,1
22,190,119.0,2,0
37,193,79.2,5,1
47,156,64.9,3,0
25,180,60.5,3,1
38,159,39.8,1,0
19,194,87.1,5,1
57,155,40.1,3,0
27,190,86.1,3,1
31,174,47.1,3,0
21,191,84.2,3,1
56,164,98.3,3,0
22,161,62.9,4,1
55,180,52.4,1,0
34,156,54.9,3,1
36,192,96.4,2,0
27,181,61.1,5,1
18,174,95.0,3,0
21,189,86.3,3,1
32,164,83.2,1,0
37,190,69.3,4,1
32,183,56.1,1,0
55,173,63.6,3,1
51,171,52.4,1,0
18,168,52.4,4,1
43,194,63.4,2,0
47,176,66.5,4,1
23,180,96.6,3,0
23,164,66.9,3,1
55,166,42.2,1,0
25,159,54.1,4,1
47,191,104.4,3,0
52,177,64.5,3,1
45,185,53.7,1,0
26,183,82.8,5,1
50,191,129.8,3,0
45,188,79.5,5,1
23,177,50.7,3,0
19,170,62.5,4,1
55,164,70.8,3,0
50,194,76.3,3,1
35,156,41.7,2,0
26,162,62.5,4,1
30,165,49.1,2,0
33,194,75.1,3,1
59,177,51.6,1,0
29,172,66.2,3,1
22,193,115.6,3,0
38,165,53.1,5,1
33,187,57.4,2,0
35,188,70.1,4,1
51,169,49.6,1,0
30,179,68.0,3,1
31,176,55.0,1,0
32,190,85.5,5,1
53,181,57.8,3,0
58,194,76.4,5,1
53,173,51.4,2,0
37,158,55.8,4,1
40,160,76.0,3,0
28,189,71.2,3,1
48,186,63.4,3,0
53,156,60.5,3,1
32,182,113.8,2,0
30,176,64.0,5,1
24,180,54.0,1,0
20,173,74.4,5,1
36,180,54.8,2,0
58,157,57.3,4,1
19,187,108.2,1,0
58,181,66.8,5,1
38,190,58.4,3,0
30,194,81.4,3,1
22,180,116.8,3,0
47,158,52.9,5,1
34,177,57.6,2,0
46,170,70.8,3,1
23,182,96.3,3,0
29,186,83.3,4,1
46,173,51.1,2,0
33,156,45.1,4,1
18,166,77.4,3,0
45,166,54.1,3,1
41,155,83.8,3,0
23,175,68.1,3,1
27,190,54.5,2,0
37,162,51.6,3,1
41,191,134.8,1,0
37,182,69.2,3,1
49,184,89.2,1,0
20,180,79.0,5,1
39,192,62.7,2,0
30,169,67.1,3,1
32,193,61.0,3,0
45,178,78.8,3,1
29,164,41.4,3,0
18,174,62.3,5,1
53,170,90.7,3,0
56,157,47.2,5,1
37,177,116.9,2,0
31,170,69.3,3,1
58,159,42.0,2,0
25,180,76.7,4,1
53,166,90.2,1,0
44,158,54.9,3,1
47,190,54.4,2,0
30,169,64.2,4,1
29,194,107.5,3,0
33,176,61.9,5,1
58,179,54.3,1,0
39,181,74.1,4,1
34,174,52.2,1,0
22,156,57.3,5,1
51,157,68.3,3,0
22,192,86.2,5,1
30,180,54.6,3,0
33,160,49.3,4,1
27,170,105.6,2,0
32,160,54.3,5,1
53,167,97.3,3,0
27,187,86.0,3,1
18,175,91.8,2,0
53,193,73.4,4,1
51,178,110.7,1,0
29,175,57.7,5,1
33,158,45.2,1,0
37,173,57.7,4,1
42,173,107.9,1,0
33,172,62.4,4,1
48,156,41.9,3,0
46,188,76.7,3,1
47,178,86.4,2,0
31,179,73.8,3,1
58,194,63.1,1,0
26,158,53.9,4,1
45,166,88.3,2,0
36,178,78.2,4,1
44,183,92.7,3,0
56,161,60.0,3,1
38,163,69.1,2,0
19,163,65.7,3,1
38,170,44.6,2,0
44,161,56.0,3,1
26,167,46.0,3,0
36,181,81.1,4,1
28,170,97.4,1,0
39,185,77.4,3,1
38,190,65.1,2,0
39,182,69.6,5,1
57,178,53.2,3,0
36,183,67.2,3,1
33,184,119.7,1,0
59,165,57.6,5,1
56,194,60.7,3,0
20,193,71.3,5,1
59,162,90.3,1,0
50,165,57.0,3,1
45,171,48.1,2,0
42,161,55.1,4,1
44,180,90.3,2,0
26,185,73.6,5,1
18,183,57.2,2,0
34,183,74.0,4,1
49,176,80.7,3,0
21,192,87.6,3,1
40,167,92.9,1,0
49,165,66.3,3,1
29,193,60.4,2,0
50,175,59.4,3,1
29,167,75.7,3,0
56,162,53.4,4,1
23,169,49.8,2,0
44,167,55.8,4,1
31,157,72.6,1,0
59,163,60.2,4,1
56,164,46.4,3,0
21,162,57.8,3,1
32,178,96.3,1,0
56,188,81.6,3,1
46,178,55.3,2,0
32,166,58.8,4,1
30,164,47.7,3,0
24,162,60.6,4,1
24,184,85.7,3,0
54,161,60.8,4,1
56,172,52.8,3,0
29,177,58.6,5,1
41,161,42.3,2,0
33,188,79.3,4,1
22,168,77.7,1,0
23,171,63.4,3,1
35,188,54.9,3,0
35,176,67.3,3,1
37,190,95.4,2,0
50,161,55.9,3,1
57,159,66.4,3,0
34,172,63.5,5,1
21,156,72.6,3,0
49,183,80.3,3,1
29,173,52.1,2,0
32,158,56.1,4,1
52,156,69.1,3,0
47,185,74.7,4,1
50,176,56.1,1,0
46,167,55.8,4,1
46,166,49.0,3,0
27,180,60.1,5,1
57,165,45.9,3,0
41,159,48.9,3,1
20,161,47.2,3,0
28,160,47.6,3,1
39,155,41.4,2,0
24,180,61.5,5,1
41,173,97.3,2,0
35,155,58.0,3,1
29,173,94.1,1,0
27,191,84.8,3,1
42,166,92.3,3,0
54,165,62.3,3,1
20,156,91.7,2,0
50,172,54.9,4,1
28,185,61.3,2,0
51,164,59.7,4,1
48,173,45.2,1,0
39,182,70.6,3,1
33,180,54.0,1,0
40,185,81.8,5,1
59,177,91.4,3,0
55,165,58.6,5,1
51,155,41.5,1,0
26,182,65.8,5,1
33,161,41.8,3,0
21,180,66.5,5,1
34,163,99.2,3,0
20,178,74.5,3,1
46,186,62.1,3,0
31,174,64.3,5,1
56,173,81.7,1,0
40,194,70.4,4,1
19,190,55.7,2,0
38,184,73.3,4,1
55,176,113.2,2,0
19,188,67.0,3,1
52,169,51.1,1,0
55,181,65.0,3,1
57,178,106.4,3,0
57,189,82.5,3,1
57,172,100.6,3,0
47,181,63.4,4,1
32,166,79.3,1,0
43,179,76.4,5,1
29,174,86.7,2,0
27,184,69.7,4,1
21,177,114.4,1,0
42,194,75.6,5,1
25,159,71.9,1,0
44,189,78.3,4,1
57,156,77.2,3,0
56,167,60.7,3,1
47,184,119.9,3,0
30,170,58.9,5,1
29,176,52.0,2,0
47,161,56.9,4,1
20,173,49.7,1,0
27,158,60.4,4,1
41,166,44.2,1,0
23,155,59.8,4,1
35,163,47.6,2,0
26,164,58.4,4,1
55,174,94.0,1,0
31,179,60.2,4,1
30,188,122.4,2,0
32,174,57.5,3,1
19,182,114.8,1,0
53,156,45.6,5,1
58,173,100.0,1,0
24,179,59.4,3,1
39,174,48.2,1,0
50,163,63.5,5,1
49,165,44.5,2,0
42,180,72.7,3,1
40,189,114.6,2,0
47,176,73.5,5,1
42,174,49.4,1,0
37,173,68.9,3,1
47,170,95.3,2,0
31,183,69.7,4,1
44,171,46.2,1,0
50,155,52.3,4,1
30,184,51.1,3,0
56,161,56.9,4,1
35,178,57.7,1,0
49,160,47.9,3,1
49,156,73.1,2,0
28,189,74.3,3,1
48,190,106.0,1,0
43,183,80.0,3,1
49,184,111.1,2,0
23,170,67.3,3,1
53,184,58.5,2,0
24,166,59.4,3,1
58,162,40.3,1,0
20,191,69.8,3,1
35,165,42.4,2,0
58,176,59.9,4,1
32,165,48.7,1,0
23,191,75.3,4,1
40,162,41.5,3,0
47,165,55.9,3,1
38,189,113.5,2,0
40,180,63.6,4,1
28,155,68.6,2,0
33,173,62.1,5,1
23,188,106.5,3,0
40,174,62.5,3,1
35,159,39.9,3,0
21,185,66.4,4,1
29,172,79.6,3,0
30,177,58.1,5,1
38,161,44.4,2,0
56,156,46.1,5,1
33,180,53.3,2,0
40,167,52.1,4,1
59,193,63.4,3,0
38,170,56.6,5,1
19,185,116.5,2,0
27,178,59.5,4,1
37,182,93.7,2,0
39,158,51.2,5,1
52,173,50.7,2,0
25,188,71.0,5,1
32,167,42.3,2,0
18,181,71.1,4,1
32,159,78.8,3,0
39,178,60.8,4,1
23,181,89.1,1,0
50,162,51.1,4,1
45,190,103.5,3,0
18,163,58.3,4,1
47,163,42.3,3,0
22,155,52.0,3,1
46,171,84.9,1,0
44,163,58.6,5,1
30,180,55.9,1,0
23,189,84.3,3,1
28,177,98.5,1,0
32,187,75.7,5,1
22,176,83.4,3,0
24,193,83.2,5,1
22,158,41.3,2,0
26,174,58.0,5,1
45,187,63.8,2,0
34,177,65.3,5,1
20,188,133.8,1,0
37,186,84.8,5,1
24,159,75.2,3,0
46,172,57.4,3,1
42,174,100.8,2,0
42,174,72.5,3,1
57,187,111.2,1,0
49,157,51.2,4,1
42,173,53.6,2,0
31,162,57.3,4,1
39,184,116.5,2,0
26,182,69.3,3,1
30,161,85.9,1,0
31,191,88.7,4,1
28,188,62.5,3,0
48,167,68.8,5,1
56,172,101.9,2,0
27,165,57.5,3,1
57,170,43.9,2,0
32,185,63.5,4,1
47,190,54.4,2,0
59,183,65.7,3,1
23,166,93.5,1,0
39,187,66.9,5,1
49,194,61.1,3,0
56,192,87.8,5,1
22,184,53.1,1,0
44,178,61.1,5,1
55,169,74.3,3,0
46,169,62.2,4,1
46,169,76.2,3,0
28,192,88.1,4,1
19,155,36.7,1,0
26,159,54.6,5,1
44,184,54.6,2,0
54,184,73.3,3,1
42,163,69.0,2,0
47,193,77.5,5,1
58,155,43.2,2,0
51,178,71.4,5,1
58,170,96.5,3,0
25,174,66.6,4,1
45,162,86.6,1,0
38,160,48.1,4,1
25,178,57.5,1,0
36,163,60.4,5,1
30,191,92.8,1,0
48,160,56.8,4,1
48,192,126.2,3,0
33,190,69.3,4,1
25,181,57.3,2,0
29,181,71.7,4,1
34,163,48.6,2,0
22,163,59.7,4,1
18,163,48.1,2,0
59,180,64.4,3,1
57,179,57.3,2,0
20,193,89.2,3,1
57,185,93.7,1,0
40,180,67.3,3,1
51,173,108.9,1,0
59,183,70.4,3,1
32,169,81.7,2,0
30,175,62.9,4,1
26,174,112.2,3,0
38,176,63.5,4,1
44,158,39.7,3,0
34,193,71.0,3,1
57,161,42.3,2,0
33,172,72.0,3,1
51,158,40.7,1,0
39,175,65.2,4,1
53,183,51.5,2,0
34,177,60.6,5,1
46,181,55.3,1,0
47,194,69.8,5,1
49,155,64.5,2,0
39,188,76.1,3,1
49,162,73.2,1,0
51,184,78.2,5,1
37,192,119.9,3,0
57,157,47.0,5,1
28,193,122.4,3,0
31,158,59.2,3,1
52,191,60.8,1,0
33,177,60.8,4,1
57,173,54.0,1,0
19,176,72.6,5,1
41,175,97.0,2,0
39,177,66.0,3,1
45,184,102.2,2,0
27,187,83.7,4,1
34,190,56.3,2,0
22,173,73.0,5,1
59,173,55.1,2,0
23,189,66.6,5,1
25,181,103.6,3,0
46,170,70.6,3,1
50,159,91.2,2,0
49,168,59.9,4,1
47,187,64.3,1,0
26,161,54.4,5,1
23,194,130.4,2,0
48,155,51.2,5,1
22,159,40.7,3,0
30,166,55.5,3,1
44,192,62.8,1,0
26,171,61.7,5,1
35,179,52.8,2,0
35,155,48.3,4,1
48,192,56.6,1,0
44,161,58.3,3,1
52,170,48.4,1,0
38,171,59.3,4,1
24,183,57.4,2,0
33,160,49.7,5,1
27,158,45.6,3,0
59,178,75.3,5,1
59,167,102.9,1,0
28,180,80.1,5,1
30,186,114.7,3,0
47,160,56.6,5,1
47,191,101.2,3,0
52,170,54.7,5,1
58,156,85.5,2,0
35,158,50.3,5,1
55,179,118.6,1,0
47,177,74.6,3,1
25,169,99.6,2,0
44,174,73.9,4,1
38,178,106.3,1,0
38,189,67.2,4,1
41,170,105.1,3,0
59,167,63.2,3,1
28,173,46.4,1,0
34,180,67.2,3,1
21,178,112.8,3,0
50,190,69.7,3,1
22,175,113.1,2,0
51,169,69.7,5,1
49,163,43.9,1,0
51,161,62.1,4,1
43,186,53.3,2,0
22,160,51.5,3,1
35,164,69.2,3,0
23,180,77.8,3,1
22,168,45.2,1,0
22,190,74.8,5,1
37,176,111.7,3,0
54,179,62.9,5,1
21,193,60.9,3,0
21,188,73.6,4,1
36,192,113.9,1,0
31,184,72.0,4,1
49,155,36.1,1,0
47,179,69.3,3,1
24,189,102.7,2,0
18,192,75.2,4,1
25,174,100.0,3,0
50,165,56.1,5,1
21,177,50.4,2,0
34,157,59.6,4,1
25,194,62.8,1,0
41,192,80.7,5,1
44,193,139.6,2,0
29,157,59.7,3,1
48,181,55.1,1,0
23,160,56.6,5,1
36,170,53.1,2,0
37,175,65.4,3,1
57,180,93.1,3,0
27,161,56.3,5,1
43,186,53.1,3,0
39,169,68.1,5,1
33,188,56.8,1,0
54,161,50.8,3,1
49,192,60.3,1,0
55,169,60.4,3,1
28,176,55.4,2,0
38,166,57.6,5,1
58,178,100.6,1,0
59,156,46.1,3,1
34,176,109.8,1,0
31,190,83.2,5,1
23,180,92.2,1,0
51,188,83.3,3,1
42,184,54.5,2,0
26,170,65.1,4,1
39,173,53.0,3,0
36,160,53.5,3,1
55,167,94.0,1,0
47,164,66.8,4,1
29,192,64.2,3,0
59,166,56.9,3,1
53,168,49.7,2,0
39,188,85.0,3,1
27,164,74.7,1,0
19,186,66.6,4,1
34,168,45.1,1,0
39,172,73.1,4,1
35,184,57.2,1,0
52,180,77.3,4,1
28,178,57.5,2,0
35,193,70.9,3,1
35,187,59.6,2,0
18,166,51.5,3,1
21,161,86.4,1,0
56,186,79.9,5,1
20,169,93.0,1,0
43,157,46.6,5,1
33,189,64.5,1,0
18,186,68.8,5,1
49,159,83.7,3,0
26,161,49.3,5,1
31,186,60.4,1,0
20,181,75.6,4,1
54,194,112.0,3,0
25,161,60.1,3,1
19,157,77.7,3,0
57,172,59.0,5,1
37,155,80.9,3,0
46,169,62.7,3,1
47,180,56.7,2,0
45,163,62.0,4,1
23,158,41.4,1,0
21,194,85.9,4,1
41,160,97.0,2,0
52,160,51.2,3,1
37,160,41.7,2,0
37,171,72.0,4,1
52,193,56.8,2,0
53,174,61.4,5,1
24,190,57.7,3,0
58,157,55.6,3,1
54,179,53.1,1,0
48,193,80.8,5,1
43,177,55.2,1,0
23,183,82.6,4,1
31,160,44.0,2,0
56,182,75.3,4,1
58,186,101.9,2,0
57,183,71.9,4,1
51,162,81.5,3,0
34,178,67.1,4,1
38,192,120.6,3,0
21,158,58.3,4,1
42,162,96.7,3,0
34,157,58.5,5,1
53,180,56.8,3,0
44,182,71.5,3,1
26,162,43.8,1,0
26,178,78.7,3,1
40,189,103.8,3,0
42,160,48.1,4,1
41,175,109.8,3,0
19,192,84.7,5,1
56,178,49.9,3,0
20,177,63.3,5,1
39,184,57.5,2,0
37,163,58.0,5,1
34,168,45.3,1,0
25,180,73.1,5,1
25,168,44.7,2,0
23,171,66.3,5,1
34,176,101.9,2,0
47,164,53.7,5,1
31,176,100.5,3,0
59,165,54.0,3,1
31,184,121.5,3,0
18,181,62.2,5,1
54,163,42.1,1,0
23,169,53.1,5,1
45,163,67.4,3,0
22,160,55.8,4,1
59,171,51.4,1,0
28,188,87.4,4,1
35,163,46.6,2,0
57,181,75.7,3,1
47,180,50.7,2,0
35,193,91.6,4,1
45,172,86.4,3,0
30,178,67.6,3,1
42,183,117.9,2,0
35,186,77.6,4,1
40,173,51.0,2,0
34,159,49.5,4,1
37,156,63.3,3,0
52,169,67.4,5,1
20,173,85.1,3,0
36,159,60.0,4,1
41,172,54.4,1,0
55,190,86.3,3,1
39,183,87.6,1,0
54,157,45.9,5,1
44,180,120.2,3,0
18,156,56.9,3,1
20,188,55.9,2,0
49,180,77.0,4,1
28,185,51.4,2,0
18,175,62.7,3,1
44,183,52.3,3,0
49,174,59.3,4,1
27,183,52.3,3,0
21,172,57.8,3,1
35,191,60.2,3,0
23,164,56.2,3,1
44,156,88.3,1,0
54,191,88.6,3,1
36,158,89.5,1,0
47,186,69.0,5,1
49,165,46.4,1,0
47,172,72.7,4,1
43,170,52.7,3,0
29,181,78.4,5,1
38,190,102.3,1,0
25,162,55.4,4,1
39,181,52.2,3,0
45,181,69.1,4,1
41,194,94.5,2,0
39,164,58.8,5,1
32,162,44.2,3,0
58,168,60.3,3,1
52,181,52.7,3,0
46,170,66.0,4,1
27,158,37.5,3,0
24,186,77.2,5,1
53,181,84.3,1,0
21,160,49.2,4,1
30,179,56.4,3,0
20,191,88.0,4,1
34,192,56.9,3,0
41,162,63.9,4,1
18,188,97.6,1,0
23,190,85.2,4,1
48,157,73.9,2,0
37,167,62.1,5,1
55,171,98.1,1,0
57,183,77.1,5,1
41,186,108.8,3,0
50,185,82.7,4,1
23,159,72.6,1,0
29,177,71.1,5,1
59,164,47.5,1,0
19,168,69.2,3,1
30,193,67.7,3,0
58,182,79.8,3,1
32,155,86.5,2,0
21,162,51.8,4,1
53,170,47.8,3,0
51,170,60.2,3,1
48,189,61.3,3,0
44,166,64.4,3,1
18,159,76.8,2,0
27,194,91.6,4,1
39,181,55.9,3,0
38,192,69.4,4,1
37,191,54.8,3,0
22,185,74.9,3,1
30,178,53.0,1,0
41,173,60.7,3,1
21,176,98.9,1,0
28,165,62.9,4,1
44,173,107.5,1,0
36,171,71.2,5,1
45,165,93.8,2,0
58,193,73.4,5,1
34,180,112.6,1,0
34,180,64.7,5,1
22,163,48.4,3,0
19,177,71.6,4,1
21,175,105.4,1,0
31,174,68.6,5,1
54,175,49.8,1,0
32,166,53.2,4,1
54,184,105.8,2,0
48,164,59.2,4,1
29,194,68.8,3,0
34,167,61.4,5,1
56,163,95.4,2,0
35,175,71.1,3,1
59,187,123.9,2,0
45,168,62.6,4,1
34,188,112.7,3,0
41,185,82.2,5,1
51,176,90.0,1,0
40,172,59.9,3,1
53,169,50.6,3,0
19,177,74.3,4,1
21,169,105.2,1,0
23,156,60.6,3,1
29,178,56.8,3,0
27,156,52.7,5,1
18,176,84.0,3,0
40,182,79.0,5,1
40,155,72.7,3,0
19,179,59.6,5,1
45,160,91.6,2,0
34,160,52.7,3,1
51,159,75.5,2,0
21,166,56.0,5,1
47,178,91.7,3,0
48,178,70.7,3,1
43,164,81.2,2,0
30,192,91.2,5,1
35,182,87.3,3,0
30,158,59.8,4,1
39,192,67.2,2,0
32,165,63.9,5,1
34,177,52.5,1,0
18,161,54.6,4,1
33,170,81.9,2,0
44,171,71.0,3,1
50,184,52.5,3,0
47,172,62.1,3,1
45,163,71.3,3,0
46,167,52.4,5,1
19,166,73.3,1,0
41,191,78.4,4,1
35,157,82.7,3,0
45,158,57.3,5,1
58,159,39.4,3,0
24,190,68.4,5,1
35,156,84.2,2,0
55,182,72.0,5,1
50,193,113.8,3,0
40,176,60.6,5,1
46,159,68.4,2,0
40,193,85.7,5,1
35,189,114.5,1,0
44,160,47.8,3,1
25,175,49.9,3,0
30,193,87.1,3,1
29,157,75.7,1,0
25,180,77.0,5,1
58,192,56.1,3,0
49,166,51.8,4,1
52,158,40.0,2,0
31,183,70.9,4,1
50,174,81.6,2,0
37,155,47.9,3,1
40,165,90.4,3,0
18,187,85.3,5,1
43,157,83.0,1,0
34,182,81.5,5,1
58,170,100.8,3,0
58,171,58.4,4,1
35,175,47.2,2,0
56,182,82.1,4,1
43,160,81.2,1,0
57,156,46.6,3,1
24,174,46.4,3,0
36,184,83.8,3,1
55,156,41.5,2,0
47,169,65.1,3,1
21,155,73.3,3,0
41,178,71.1,4,1
45,170,91.0,2,0
51,192,78.8,5,1
32,176,46.8,3,0
55,171,55.5,3,1
30,156,61.5,1,0
43,189,75.5,3,1
50,172,53.8,2,0
20,188,66.2,5,1
26,167,49.6,2,0
43,159,49.0,5,1
45,157,38.6,2,0
28,170,62.1,5,1
49,164,94.0,1,0
52,168,68.8,5,1
55,155,72.4,1,0
58,194,70.5,4,1
48,180,108.2,1,0
56,158,49.1,3,1
50,180,99.5,2,0
54,161,57.8,5,1
55,188,56.1,1,0
46,182,72.1,4,1
24,167,51.2,2,0
26,156,48.5,5,1
35,180,49.1,1,0
27,179,77.0,4,1
29,173,50.8,1,0
32,175,65.1,5,1
49,183,114.4,1,0
36,180,73.5,4,1
54,176,101.1,1,0
34,167,61.0,4,1
27,179,56.7,3,0
44,173,74.1,3,1
24,194,62.6,1,0
56,184,65.9,3,1
34,173,51.5,3,0
37,184,62.9,5,1
23,191,66.3,2,0
53,194,83.7,5,1
47,192,96.5,2,0
26,189,68.5,5,1
48,182,58.6,2,0
33,168,59.7,3,1
38,164,45.1,3,0
31,177,74.0,4,1
38,184,57.1,3,0
21,191,73.1,3,1
45,170,44.1,2,0
40,175,70.4,4,1
20,189,58.5,2,0
25,174,64.5,5,1
26,162,43.6,3,0
25,159,56.5,3,1
44,194,112.4,1,0
53,157,59.6,3,1
29,191,106.4,2,0
55,181,68.9,3,1
55,174,48.7,1,0
39,172,58.4,4,1
22,180,59.4,2,0
36,160,57.8,5,1
24,164,71.4,2,0
39,186,66.3,5,1
21,176,51.8,3,0
32,180,77.8,3,1
53,160,74.3,2,0
32,166,53.5,3,1
24,176,104.8,2,0
21,179,67.8,3,1
25,159,42.0,1,0
25,188,85.0,5,1
19,182,103.4,3,0
39,168,67.2,4,1
51,164,42.8,3,0
58,167,52.2,5,1
23,188,103.6,1,0
50,179,77.8,5,1
20,176,54.1,3,0
45,167,54.0,4,1
29,157,44.4,3,0
30,171,57.4,3,1
47,165,44.4,2,0
36,173,64.1,5,1
35,157,91.3,1,0
52,189,66.9,5,1
56,176,49.5,2,0
51,185,73.8,4,1
32,174,110.0,2,0
41,181,66.3,3,1
22,172,45.9,2,0
44,182,76.8,5,1
56,175,47.8,1,0
45,190,71.1,3,1
34,171,50.2,2,0
44,163,59.8,5,1
36,191,108.5,1,0
26,169,66.2,3,1
22,159,45.9,2,0
51,168,57.1,5,1
55,159,39.5,2,0
35,186,76.8,3,1
37,183,51.4,1,0
31,179,79.2,4,1
36,194,63.4,1,0
49,191,74.5,4,1
35,169,47.9,3,0
40,155,54.5,5,1
49,182,58.6,1,0
20,171,59.8,5,1
26,155,36.2,1,0
38,159,62.5,3,1
25,179,118.1,1,0
45,160,47.5,4,1
59,190,60.6,1,0
48,183,68.0,3,1
27,192,61.3,1,0
19,156,57.9,4,1
55,191,127.3,3,0
42,192,83.0,4,1
44,174,113.6,2,0
53,163,53.9,4,1
52,160,83.6,1,0
26,163,63.3,5,1
41,162,45.6,3,0
48,158,56.1,5,1
42,194,64.7,2,0
37,170,61.7,5,1
19,158,42.6,2,0
49,171,61.6,5,1
31,171,49.8,2,0
56,158,54.6,4,1
50,155,66.8,3,0
54,168,67.0,5,1
57,178,57.7,1,0
20,182,67.2,3,1
30,176,52.4,1,0
50,168,55.4,5,1
54,177,51.7,3,0
31,171,70.3,3,1
18,192,128.5,1,0
25,185,79.4,3,1
20,169,91.8,1,0
23,158,59.3,5,1
35,176,95.4,3,0
36,180,67.3,5,1
57,165,50.0,1,0
59,192,82.1,4,1
57,168,47.5,2,0
50,169,57.3,5,1
43,162,47.4,3,0
36,157,60.6,4,1
26,160,40.6,3,0
33,189,76.4,5,1
47,159,73.1,3,0
27,182,62.4,4,1
31,192,56.6,2,0
47,173,57.1,3,1
31,165,103.0,2,0
49,178,69.5,3,1
30,190,62.4,2,0
24,169,69.5,4,1
58,156,42.1,1,0
46,182,65.7,4,1
40,176,113.9,3,0
57,169,62.3,3,1
36,165,47.0,2,0
26,192,77.1,5,1
52,166,76.6,1,0
44,163,52.4,4,1
40,183,54.9,2,0
34,163,63.1,3,1
43,171,53.0,1,0
39,163,62.7,4,1
37,157,64.2,1,0
42,194,81.0,5,1
32,186,61.9,2,0
56,170,62.6,4,1
23,192,93.7,3,0
44,182,63.6,5,1
26,169,103.4,3,0
47,157,55.3,4,1
46,159,41.6,3,0
46,193,82.2,5,1
56,194,64.2,2,0
56,181,69.0,5,1
39,173,50.8,3,0
37,163,54.9,3,1
24,185,95.3,1,0
53,180,69.4,4,1
48,189,133.5,3,0
26,183,81.9,5,1
48,187,57.0,3,0
55,169,68.8,5,1
50,156,37.5,2,0
59,165,54.2,4,1
53,174,112.0,1,0
37,175,65.0,4,1
53,159,76.6,2,0
44,189,66.8,3,1
48,178,115.8,1,0
47,159,47.1,5,1
53,179,48.7,2,0
59,179,68.0,4,1
46,184,128.6,3,0
48,188,81.2,3,1
34,165,44.0,2,0
43,160,54.0,5,1
43,158,42.7,1,0
28,177,70.1,5,1
39,159,41.7,2,0
47,171,66.6,5,1
45,158,40.1,2,0
26,176,76.4,4,1
44,170,44.7,3,0
26,182,74.1,3,1
58,182,52.2,2,0
56,165,56.6,3,1
18,186,63.3,2,0
36,164,51.2,3,1
28,192,61.5,1,0
47,193,91.9,3,1
34,185,112.0,1,0
31,170,67.4,3,1
25,163,82.0,3,0
35,175,62.2,5,1
29,171,50.7,1,0
33,179,72.7,5,1
59,161,39.9,2,0
33,162,64.8,4,1
34,190,59.7,2,0
39,168,57.1,5,1
18,164,74.6,2,0
42,174,66.9,3,1
47,181,59.3,3,0
41,193,80.1,4,1
47,156,69.8,3,0
35,193,81.5,4,1
44,169,90.3,2,0
37,174,74.0,4,1
56,191,56.6,1,0
44,193,75.1,5,1
55,169,47.6,2,0
18,165,61.2,4,1
37,192,66.9,3,0
49,171,63.6,4,1
45,177,56.7,1,0
52,171,71.7,4,1
24,180,57.3,2,0
51,192,83.1,3,1
38,190,63.3,3,0
57,171,72.5,3,1
30,192,59.4,3,0
22,156,51.5,3,1
58,155,78.1,2,0
31,192,89.7,4,1
58,169,49.7,3,0
18,175,73.1,5,1
45,162,83.1,2,0
36,172,60.2,5,1
24,170,52.7,2,0
29,183,69.7,5,1
26,182,108.7,3,0
49,182,77.9,4,1
41,163,41.9,2,0
47,181,81.2,5,1
59,160,78.7,2,0
37,165,50.9,4,1
40,162,41.5,3,0
22,157,52.1,4,1
25,184,87.5,2,0
50,178,72.3,3,1
28,189,56.7,2,0
53,159,52.5,5,1
32,166,70.9,3,0
48,180,71.4,4,1
45,179,48.8,2,0
27,192,86.1,4,1
44,171,47.9,3,0
53,184,69.5,3,1
40,174,47.7,2,0
23,178,59.0,3,1
39,172,75.7,1,0
41,173,72.8,5,1
34,170,53.1,2,0
37,178,59.5,4,1
32,183,58.7,1,0
33,157,48.9,5,1
22,180,54.5,2,0
54,175,68.9,3,1
43,160,96.9,3,0
23,187,73.3,4,1
51,159,94.4,3,0
38,161,49.7,3,1
46,160,39.0,2,0
33,156,57.0,5,1
19,177,86.6,1,0
38,182,73.7,3,1
57,171,107.5,1,0
51,160,62.4,3,1
43,158,38.2,2,0
49,160,61.9,4,1
22,156,66.6,3,0
22,164,64.6,4,1
42,157,83.2,3,0
57,170,63.4,3,1
25,178,91.7,3,0
37,174,60.7,3,1
35,167,79.4,1,0
45,179,75.1,3,1
23,183,111.2,1,0
47,186,83.2,5,1
56,164,46.1,1,0
52,179,65.1,5,1
41,160,44.3,2,0
38,166,53.6,3,1
32,172,92.9,3,0
45,191,68.2,5,1
18,188,97.2,2,0
56,158,51.2,5,1
18,191,62.1,3,0
21,169,64.5,3,1
44,160,40.3,3,0
42,184,76.6,3,1
57,193,66.3,2,0
33,161,57.2,3,1
46,193,139.6,2,0
53,190,68.3,4,1
46,163,83.6,2,0
27,167,66.6,3,1
39,187,96.8,3,0
56,161,58.2,4,1
22,189,135.1,2,0
49,185,76.6,4,1
55,161,88.1,3,0
38,186,77.2,5,1
48,187,98.0,2,0
22,156,57.7,4,1
39,193,109.8,1,0
21,187,75.0,4,1
45,176,53.9,3,0
37,161,53.2,4,1
58,157,63.2,1,0
50,170,65.0,3,1
57,187,59.7,3,0
24,187,86.6,3,1
56,186,109.2,2,0
26,183,70.8,4,1
56,166,45.7,3,0
51,192,80.3,5,1
38,164,48.7,2,0
48,181,65.5,4,1
49,165,82.9,1,0
50,187,78.4,3,1
31,191,58.9,2,0
35,191,80.5,5,1
29,188,101.6,1,0
28,187,86.4,4,1
27,157,88.8,1,0
18,192,81.7,3,1
51,173,97.8,2,0
34,170,69.5,3,1
23,184,60.1,3,0
42,177,77.7,5,1
25,160,75.6,3,0
53,190,67.6,4,1
50,156,38.7,1,0
22,164,56.3,3,1
19,174,94.0,2,0
52,156,59.6,5,1
53,163,47.9,3,0
26,194,92.4,3,1
41,172,99.1,1,0
23,166,56.8,3,1
27,157,68.5,3,0
30,189,81.0,4,1
33,169,50.8,3,0
58,189,69.1,3,1
27,184,52.6,3,0
20,181,70.0,3,1
49,192,63.6,1,0
23,189,81.4,4,1
40,191,125.0,3,0
28,175,63.9,5,1
20,156,86.1,1,0
58,186,74.2,4,1
19,164,100.9,3,0
20,177,74.6,3,1
50,171,103.2,1,0
50,182,74.1,3,1
51,194,140.9,1,0
37,167,52.3,4,1
20,188,108.6,1,0
58,178,65.8,3,1
53,162,46.4,3,0
52,192,88.4,5,1
49,191,135.5,3,0
25,177,68.5,4,1
40,186,56.1,3,0
53,183,78.5,5,1
48,188,58.3,2,0
47,163,56.3,5,1
18,193,58.2,1,0
28,155,46.9,4,1
22,155,60.9,1,0
19,166,57.3,3,1
39,194,68.1,3,0
52,161,51.3,4,1
56,163,88.1,3,0
39,172,66.4,4,1
54,161,96.9,3,0
53,174,60.1,3,1
30,174,95.5,2,0
56,177,65.6,3,1
58,184,116.7,1,0
39,158,50.0,4,1
39,179,56.0,3,0
56,169,59.1,5,1
50,194,56.9,3,0
24,164,60.4,5,1
51,172,47.4,2,0
40,156,59.3,3,1
50,166,47.4,3,0
58,175,73.2,4,1
30,193,138.2,1,0
42,175,59.2,4,1
26,189,93.3,2,0
27,159,59.0,4,1
20,170,77.4,2,0
40,192,89.2,3,1
35,183,57.2,2,0
33,177,58.7,4,1
43,176,51.2,1,0
58,190,74.8,4,1
44,180,85.5,2,0
23,182,80.1,3,1
32,163,44.4,1,0
43,177,60.9,4,1
21,184,58.3,3,0
56,184,74.5,5,1
29,171,89.8,2,0
30,157,59.4,5,1
55,180,104.7,1,0
42,178,68.6,3,1
25,163,41.5,2,0
35,160,53.1,3,1
43,169,71.9,1,0
25,159,54.2,4,1
20,164,72.7,2,0
51,162,58.3,3,1
53,180,53.1,2,0
48,192,84.5,3,1
30,155,37.4,2,0
32,171,62.7,5,1
33,188,60.8,3,0
35,179,79.6,3,1
40,192,67.3,1,0
40,157,51.3,3,1
48,176,48.7,1,0
31,173,69.2,5,1
53,186,118.4,2,0
31,182,71.9,3,1
57,172,45.7,1,0
32,186,66.2,5,1
52,167,45.4,3,0
51,191,75.3,4,1
43,173,48.4,1,0
46,192,83.7,3,1
45,173,54.2,2,0
49,163,65.1,5,1
21,179,55.6,1,0
19,164,65.5,5,1
30,165,42.6,2,0
51,180,78.2,5,1
45,182,55.5,2,0
29,157,60.0,5,1
28,188,131.4,2,0
50,162,61.9,4,1
37,172,84.9,2,0
30,186,84.4,4,1
31,193,60.0,3,0
23,194,85.5,3,1
41,164,41.0,1,0
52,166,60.8,3,1
53,162,41.2,1,0
31,190,74.6,4,1
39,185,57.5,3,0
28,159,50.3,4,1
27,172,85.8,3,0
20,155,55.7,5,1
23,165,92.2,3,0
58,194,85.9,4,1
55,173,112.1,1,0
28,194,93.0,4,1
38,157,64.1,1,0
42,158,48.2,5,1
40,178,58.3,1,0
43,180,66.5,5,1
43,156,66.6,2,0
30,181,66.0,5,1
29,187,116.7,2,0
40,186,71.0,5,1
58,194,95.2,3,0
55,188,73.2,4,1
41,168,50.3,2,0
46,176,75.8,3,1
28,157,41.2,3,0
27,160,58.7,5,1
49,167,49.1,2,0
43,158,62.1,5,1
45,172,51.9,1,0
43,171,64.7,3,1
37,184,101.3,2,0
27,160,55.9,3,1
21,167,92.1,2,0
26,164,65.0,3,1
36,189,63.8,2,0
32,192,70.8,5,1
56,177,53.7,3,0
45,158,62.1,3,1
26,177,89.9,2,0
41,181,63.1,3,1
33,178,51.3,2,0
43,183,62.8,3,1
26,181,56.2,1,0
19,164,56.2,5,1
18,172,54.0,3,0
21,155,45.5,5,1
36,175,54.0,1,0
19,157,54.1,5,1
54,164,84.5,1,0
50,170,66.4,3,1
55,188,60.6,1,0
30,172,73.3,4,1
53,171,93.9,2,0
45,178,61.3,3,1
47,191,65.9,2,0
20,188,66.0,3,1
42,184,55.4,2,0
43,161,50.2,5,1
58,194,98.4,1,0
41,187,71.0,4,1
41,190,106.5,1,0
27,163,51.6,3,1
22,185,57.1,3,0
37,176,57.5,3,1
38,163,73.7,3,0
25,183,73.0,4,1
57,185,52.3,3,0
26,180,79.7,4,1
18,194,64.2,1,0
39,163,59.3,5,1
59,175,115.5,1,0
51,164,53.4,4,1
42,157,42.2,1,0
33,193,79.5,5,1
28,189,134.0,1,0
52,184,67.3,5,1
38,168,98.2,1,0
49,160,48.0,4,1
38,177,89.2,3,0
54,166,58.4,4,1
57,180,119.1,2,0
26,193,88.2,5,1
28,194,127.3,2,0
27,179,72.4,5,1
20,171,48.1,1,0
29,180,63.6,4,1
47,182,115.1,2,0
27,159,52.6,4,1
39,193,99.2,3,0
25,171,70.3,4,1
36,169,80.4,3,0
41,166,64.3,3,1
35,174,108.9,3,0
25,169,64.3,3,1
26,169,92.6,1,0
50,176,72.6,5,1
23,171,48.6,3,0
26,183,81.1,5,1
37,177,108.3,2,0
53,158,54.1,4,1
42,161,86.5,3,0
29,180,74.3,5,1
54,160,44.7,3,0
53,163,59.2,5,1
28,174,111.0,3,0
51,158,51.1,4,1
45,193,68.1,1,0
56,184,78.5,3,1
30,193,58.4,1,0
40,188,68.5,4,1
47,190,58.0,3,0
53,185,83.4,4,1
38,186,102.1,1,0
56,155,47.8,3,1
39,159,38.4,3,0
53,165,67.5,3,1
58,183,54.6,2,0
28,161,61.1,3,1
19,184,59.6,1,0
42,158,47.9,3,1
38,158,80.0,1,0
33,173,64.7,4,1
46,181,109.9,1,0
56,156,57.5,4,1
25,157,43.1,1,0
36,165,60.2,3,1
23,168,48.5,2,0
56,171,56.1,5,1
46,187,61.5,1,0
28,182,77.2,5,1
57,162,45.7,2,0
26,165,61.8,4,1
39,157,71.5,2,0
42,156,55.1,3,1
58,175,93.9,3,0
37,185,69.0,4,1
45,160,41.2,1,0
25,156,57.4,3,1
24,187,123.4,1,0
35,182,66.8,5,1
39,160,87.1,1,0
53,166,66.1,4,1
57,183,124.4,1,0
38,176,62.1,5,1
26,193,121.9,3,0
29,161,60.2,4,1
33,162,67.9,2,0
46,194,92.4,3,1
37,157,40.9,2,0
49,183,81.4,5,1
20,192,139.4,1,0
37,161,57.5,3,1
27,166,48.1,1,0
46,193,75.8,5,1
35,157,72.0,1,0
48,175,63.9,3,1
20,183,91.1,3,0
18,176,62.5,3,1
36,170,91.8,1,0
22,179,67.6,4,1
45,175,48.8,2,0
49,186,85.2,4,1
25,192,111.3,2,0
21,160,60.3,5,1
38,183,59.9,2,0
43,188,67.4,5,1
23,163,78.9,1,0
48,171,56.0,3,1
33,174,111.4,3,0
50,167,65.0,3,1
53,178,79.4,2,0
21,182,63.4,4,1
37,186,61.5,2,0
26,194,83.5,4,1
50,166,87.0,3,0
33,193,87.2,3,1
20,178,95.9,3,0
38,159,49.2,3,1
38,156,36.6,1,0
47,188,78.2,3,1
29,177,55.0,1,0
20,176,76.5,5,1
55,177,51.8,1,0
50,173,66.8,5,1
45,165,81.2,1,0
56,181,73.6,5,1
18,187,61.5,1,0
38,158,61.0,5,1
29,180,56.6,1,0
19,187,77.6,3,1
44,175,96.3,2,0
39,166,63.4,3,1
51,172,53.3,2,0
23,181,71.2,4,1
29,164,49.2,3,0
27,173,70.6,4,1
27,181,118.1,3,0
33,158,57.5,3,1
43,189,105.4,1,0
37,180,62.9,5,1
46,161,44.9,2,0
37,182,70.1,3,1
24,159,77.3,2,0
59,164,66.6,3,1
37,183,99.0,3,0
58,155,48.1,5,1
55,176,102.8,2,0
53,190,80.3,5,1
26,166,42.9,1,0
27,194,89.3,5,1
18,172,48.6,2,0
23,173,59.1,3,1
47,180,51.4,2,0
27,176,58.7,5,1
34,158,41.5,3,0
25,155,53.1,5,1
34,163,41.6,1,0
54,181,63.9,4,1
52,185,124.8,3,0
48,167,53.9,5,1
56,158,38.3,1,0
19,189,73.5,3,1
21,168,72.2,1,0
45,157,57.2,5,1
23,190,55.1,3,0
53,171,69.3,3,1
20,183,59.3,1,0
55,166,54.0,4,1
19,155,75.4,2,0
38,179,78.0,4,1
53,193,111.8,2,0
43,185,84.7,3,1
38,180,48.7,2,0
49,159,60.0,5,1
58,191,59.7,1,0
22,165,50.7,3,1
45,176,96.3,3,0
31,189,81.1,5,1
53,176,95.5,1,0
39,163,63.3,3,1
27,192,64.3,3,0
47,184,64.5,3,1
49,166,43.8,1,0
37,164,61.1,5,1
40,175,103.5,2,0
27,156,49.3,4,1
34,169,72.1,1,0
46,168,53.5,4,1
23,163,91.2,3,0
57,155,52.5,5,1
40,174,46.5,1,0
53,170,66.6,3,1
43,190,127.1,3,0
57,178,60.4,4,1
20,170,95.7,1,0
24,162,64.7,3,1
24,172,48.5,1,0
44,162,59.7,5,1
58,166,85.2,2,0
25,182,73.7,5,1
38,180,100.3,3,0
24,193,88.0,5,1
18,193,98.8,1,0
25,163,53.7,3,1
50,189,56.3,2,0
43,155,45.3,3,1
47,155,41.5,2,0
30,171,60.3,4,1
55,191,55.6,3,0
40,159,54.1,5,1
59,188,125.8,3,0
25,168,62.9,4,1
27,160,89.7,3,0
29,176,75.2,5,1
32,177,50.9,3,0
22,158,52.4,3,1
48,176,110.4,1,0
58,179,59.7,5,1
26,172,93.4,2,0
36,178,61.8,4,1
36,183,109.5,3,0
28,193,82.7,4,1
37,174,110.1,1,0
58,184,77.3,5,1
54,164,87.7,2,0
45,166,55.6,4,1
54,180,54.0,3,0
38,186,78.2,5,1
37,174,96.3,1,0
45,180,60.8,3,1
19,186,89.0,2,0
20,164,55.6,5,1
30,193,96.1,2,0
43,173,58.0,3,1
51,174,88.8,3,0
49,167,65.6,3,1
19,193,60.1,3,0
40,156,53.0,4,1
19,168,101.5,3,0
24,168,55.3,4,1
22,177,53.7,3,0
18,161,63.1,5,1
51,182,50.7,1,0
59,191,75.4,4,1
42,156,39.7,3,0
37,163,57.3,4,1
46,186,63.1,3,0
55,170,66.4,4,1
18,179,107.0,1,0
53,193,80.3,4,1
39,165,102.0,3,0
56,176,74.2,5,1
59,187,98.4,3,0
19,194,84.6,4,1
37,185,58.2,3,0
46,158,55.0,5,1
53,189,54.7,1,0
59,166,65.8,4,1
37,170,95.8,3,0
31,184,69.0,3,1
54,193,65.5,1,0
51,174,72.6,3,1
22,161,42.7,3,0
18,167,60.4,4,1
42,188,65.0,3,0
29,170,58.0,4,1
27,177,57.0,3,0
22,166,68.1,4,1
29,178,49.9,2,0
59,191,88.0,4,1
32,194,65.7,3,0
54,170,58.4,5,1
57,183,111.9,2,0
42,192,73.4,4,1
54,173,54.0,1,0
32,182,62.5,5,1
43,169,47.8,1,0
44,186,80.8,3,1
19,192,65.0,2,0
34,156,48.7,4,1
52,168,51.6,2,0
56,163,63.5,3,1
25,167,102.3,2,0
35,174,67.8,5,1
46,183,101.0,1,0
27,160,59.5,5,1
50,163,40.0,1,0
39,187,83.0,3,1
38,181,52.8,1,0
56,177,72.6,3,1
42,156,40.7,1,0
42,189,69.1,4,1
37,190,58.3,1,0
39,193,85.8,4,1
47,169,88.1,2,0
52,174,61.8,5,1
37,166,100.2,2,0
36,168,53.0,4,1
21,188,121.0,2,0
57,185,79.8,4,1
27,157,43.4,2,0
40,166,56.1,5,1
30,187,105.7,3,0
38,186,65.8,3,1
46,161,72.7,2,0
40,165,59.6,5,1
51,189,112.5,1,0
48,186,70.0,4,1
20,162,40.7,3,0
56,185,64.9,4,1
49,164,80.4,3,0
48,188,79.3,5,1
25,171,48.7,3,0
31,178,63.6,5,1
32,158,82.3,1,0
27,184,80.3,4,1
44,174,51.3,2,0
27,159,53.6,3,1
25,184,116.3,3,0
23,170,64.8,4,1
57,174,46.8,3,0
20,175,67.6,4,1
56,165,47.7,1,0
46,169,70.1,5,1
52,194,61.0,3,0
18,189,71.4,4,1
31,161,70.6,1,0
23,172,56.3,3,1
19,186,52.9,1,0
59,192,79.4,3,1
23,176,115.6,3,0
24,171,57.2,3,1
56,156,44.0,3,0
45,155,51.1,3,1
45,157,72.1,1,0
35,187,82.8,4,1
43,194,117.0,1,0
23,178,64.6,3,1
36,182,60.8,1,0
21,176,61.4,4,1
44,181,102.9,1,0
25,166,63.8,5,1
32,170,99.8,1,0
36,181,78.7,5,1
38,170,84.1,1,0
28,159,50.3,3,1
24,190,119.3,2,0
21,189,82.9,4,1
47,163,46.0,3,0
45,186,67.7,4,1
56,161,96.9,2,0
37,188,82.6,4,1
23,171,88.9,1,0
59,176,74.6,5,1
25,174,105.9,3,0
18,156,45.6,4,1
46,189,60.6,1,0
59,193,84.7,5,1
43,165,45.3,2,0
18,163,55.8,5,1
57,181,112.2,2,0
19,159,53.5,4,1
52,162,99.6,1,0
47,180,62.9,5,1
55,157,78.7,3,0
25,156,60.3,3,1
54,160,97.2,2,0
53,174,62.5,4,1
41,187,60.0,2,0
31,157,53.3,4,1
51,163,78.9,1,0
39,158,58.7,3,1
24,165,71.0,1,0
51,159,51.5,3,1
31,181,54.6,1,0
31,180,67.2,5,1
57,182,55.0,1,0
35,175,73.8,5,1
30,192,101.5,3,0
53,165,61.7,4,1
18,164,40.9,2,0
18,182,71.7,3,1
55,179,56.0,2,0
51,157,52.8,5,1
35,177,86.9,3,0
56,190,69.9,5,1
39,164,46.9,2,0
40,168,62.0,4,1
54,161,86.6,1,0
24,172,69.9,3,1
20,163,75.5,3,0
33,158,59.4,4,1
23,169,95.5,2,0
57,160,49.7,3,1
36,168,103.5,2,0
56,193,75.7,5,1
28,164,46.9,2,0
46,171,57.6,3,1
31,164,47.9,2,0
39,182,68.4,5,1
24,178,116.9,2,0
24,177,67.6,4,1
39,161,44.5,1,0
50,175,75.0,4,1
20,167,92.9,2,0
49,177,64.0,5,1
20,171,45.2,2,0
32,176,59.8,3,1
36,163,74.4,2,0
55,175,69.5,4,1
29,193,110.5,2,0
46,185,67.5,5,1
26,182,54.4,1,0
48,173,64.7,4,1
18,165,44.6,2,0
51,189,80.3,3,1
35,159,73.7,2,0
32,158,48.8,4,1
57,155,41.1,1,0
18,169,58.9,4,1
22,160,74.7,1,0
56,194,85.5,3,1
58,161,84.4,1,0
58,156,48.0,5,1
30,171,45.3,3,0
55,183,78.4,4,1
56,164,44.6,1,0
18,171,64.6,4,1
26,166,72.7,1,0
52,176,74.4,4,1
38,194,113.5,2,0
40,177,58.5,5,1
56,155,39.3,2,0
41,176,75.7,5,1
39,191,54.8,1,0
34,158,58.8,4,1
35,182,52.2,2,0
46,194,84.3,3,1
51,184,85.0,3,0
45,193,75.3,3,1
53,170,45.4,2,0
26,180,60.8,4,1
27,179,48.6,3,0
30,190,67.2,4,1
27,192,101.1,2,0
44,161,50.2,4,1
35,167,46.0,2,0
37,182,76.3,5,1
39,180,101.8,2,0
21,160,55.2,4,1
48,178,88.1,2,0
19,169,71.0,5,1
28,171,49.1,1,0
46,169,63.4,4,1
59,192,136.0,3,0
32,160,59.0,3,1
58,159,64.6,1,0
54,185,81.1,5,1
55,160,65.6,1,0
21,168,61.6,5,1
38,164,45.8,1,0
47,190,86.1,5,1
32,192,62.6,1,0
20,190,72.3,4,1
42,193,115.1,3,0
42,171,60.6,3,1
35,158,42.9,1,0
20,166,63.9,4,1
39,193,104.3,1,0
46,168,62.8,3,1
45,167,92.3,3,0
32,180,74.6,4,1
42,191,131.6,2,0
36,157,57.0,4,1
35,181,120.5,3,0
29,193,75.2,5,1
19,189,55.4,3,0
49,167,54.3,3,1
46,181,90.7,2,0
59,161,62.7,4,1
56,169,47.5,3,0
59,156,46.8,5,1
34,156,92.4,3,0
53,178,72.8,4,1
27,191,104.2,2,0
20,192,84.2,5,1
35,157,38.3,1,0
41,170,59.5,4,1
28,175,53.5,1,0
53,155,50.1,5,1
32,187,103.1,3,0
34,163,65.8,5,1
23,189,58.6,3,0
19,163,56.0,4,1
33,159,95.0,2,0
43,188,77.4,3,1
24,179,56.8,2,0
51,171,67.5,3,1
51,191,122.0,1,0
49,191,90.3,5,1
24,177,48.2,3,0
23,185,74.5,3,1
32,190,130.6,1,0
34,163,56.5,3,1
40,165,41.8,2,0
21,181,74.4,4,1
20,186,57.9,1,0
30,160,58.4,4,1
54,158,75.5,2,0
28,156,52.3,4,1
29,171,46.6,1,0
28,176,75.3,4,1
35,170,91.4,2,0
55,183,81.7,5,1
57,171,105.0,1,0
19,159,51.0,4,1
39,178,93.1,3,0
47,189,70.2,5,1
45,181,93.9,2,0
59,161,52.9,5,1
28,191,55.8,1,0
29,191,67.6,4,1
24,178,89.6,2,0
18,171,72.1,3,1
56,177,56.6,3,0
59,161,60.3,5,1
41,169,44.7,2,0
25,155,49.7,4,1
27,163,82.5,1,0
23,162,55.8,3,1
59,179,109.6,3,0
40,157,57.7,4,1
29,192,66.8,3,0
45,175,65.0,5,1
22,161,69.2,1,0
44,175,65.0,5,1
18,178,54.3,1,0
52,169,58.7,4,1
58,162,76.3,3,0
54,162,60.5,3,1
33,162,44.5,3,0
33,188,80.3,4,1
48,178,84.8,3,0
39,184,80.0,3,1
40,180,49.6,3,0
25,175,59.1,5,1
26,168,76.9,2,0
41,181,62.2,5,1
41,185,59.5,1,0
34,160,52.2,4,1
52,181,122.9,2,0
49,189,67.5,4,1
33,194,63.3,3,0
49,177,75.6,3,1
55,192,111.3,2,0
51,164,50.8,5,1
34,181,56.1,1,0
44,191,82.4,3,1
41,170,44.2,2,0
32,169,63.1,3,1
33,194,67.8,1,0
34,157,59.1,3,1
54,160,46.7,1,0
42,157,53.2,4,1
50,183,57.0,3,0
18,188,86.0,4,1
29,168,83.7,3,0
26,178,67.4,5,1
57,182,94.0,3,0
50,188,81.9,3,1
46,181,49.2,3,0
38,162,61.3,3,1
21,172,52.2,3,0
59,188,85.6,3,1
58,177,115.2,1,0
31,177,58.6,5,1
18,194,113.6,3,0
58,188,87.5,4,1
54,186,95.4,2,0
43,173,63.7,3,1
25,166,42.7,1,0
44,156,49.1,4,1
50,173,108.4,1,0
48,158,61.7,5,1
31,190,116.8,3,0
29,171,62.2,3,1
28,170,48.9,3,0
25,179,68.4,5,1
40,177,78.9,2,0
40,163,55.5,4,1
56,172,50.9,3,0
51,180,75.2,5,1
48,181,51.9,1,0
33,171,54.5,3,1
19,171,75.4,2,0
49,189,71.8,3,1
36,190,90.5,3,0
36,179,72.8,4,1
53,191,62.9,3,0
40,180,63.6,3,1
58,177,47.2,2,0
26,158,49.2,3,1
42,160,46.6,3,0
18,155,49.7,3,1
25,168,51.6,1,0
23,155,58.3,3,1
50,168,44.3,3,0
57,177,74.3,3,1
27,181,57.8,1,0
47,167,62.2,3,1
39,156,39.5,1,0
32,167,67.7,4,1
42,192,134.2,1,0
28,188,68.1,4,1
28,158,41.8,1,0
55,158,62.1,3,1
59,165,86.1,2,0
55,166,63.5,4,1
42,193,57.9,2,0
28,183,71.7,4,1
48,174,97.0,3,0
47,184,78.4,4,1
27,168,93.9,2,0
23,191,75.8,5,1
59,193,107.4,1,0
48,191,86.2,4,1
50,194,64.4,3,0
52,180,76.2,4,1
24,165,42.9,2,0
35,169,62.9,5,1
38,172,45.3,1,0
33,156,59.9,3,1
43,176,88.3,3,0
52,183,71.5,3,1
42,175,87.2,2,0
33,168,64.7,5,1
55,159,65.5,2,0
50,189,76.6,5,1
24,168,43.8,3,0
46,176,75.9,3,1
53,192,59.1,1,0
30,176,72.2,3,1
43,158,74.0,2,0
34,192,82.3,5,1
46,172,81.1,2,0
55,187,82.2,4,1
53,193,104.0,3,0
21,181,75.2,5,1
38,180,109.9,3,0
48,170,68.7,4,1
58,161,45.6,2,0
18,188,72.2,4,1
23,192,135.1,2,0
52,181,69.4,5,1
53,192,63.6,3,0
20,192,88.1,4,1
58,182,88.0,3,0
58,182,80.0,5,1
24,175,88.6,2,0
32,160,53.0,3,1
23,157,41.7,1,0
18,171,60.5,4,1
23,184,127.9,2,0
18,167,57.5,4,1
21,188,63.7,3,0
41,181,75.6,4,1
46,180,59.3,1,0
21,157,54.1,3,1
30,193,117.8,3,0
22,176,74.9,3,1
27,188,123.3,1,0
25,186,82.3,5,1
22,185,52.0,1,0
48,168,63.2,3,1
19,158,89.5,1,0
20,191,83.6,4,1
20,187,124.4,1,0
21,169,65.1,4,1
20,177,102.6,2,0
52,185,81.6,4,1
53,167,97.5,2,0
45,189,76.9,5,1
36,187,102.4,1,0
34,155,49.5,3,1
47,182,51.4,2,0
30,194,85.4,3,1
24,190,122.0,3,0
24,171,60.1,4,1
35,159,42.3,3,0
29,169,67.9,3,1
33,183,52.1,1,0
18,166,61.1,4,1
51,172,93.7,3,0
39,188,85.1,4,1
48,168,43.5,3,0
46,175,68.0,3,1
36,157,41.2,3,0
56,168,55.7,4,1
48,176,87.8,1,0
34,191,81.3,4,1
42,191,99.9,3,0
30,174,67.5,4,1
58,182,51.6,1,0
49,186,66.9,3,1
59,193,107.7,3,0
46,173,74.1,5,1
27,169,89.7,3,0
56,173,72.8,3,1
51,174,87.4,1,0
51,187,73.5,4,1
21,159,42.8,1,0
59,157,51.4,3,1
59,168,51.1,3,0
21,174,62.9,5,1
56,176,78.5,2,0
33,177,75.3,3,1
43,188,61.7,3,0
45,185,65.7,5,1
43,179,57.2,2,0
47,155,51.7,3,1
57,176,91.6,2,0
52,161,61.6,5,1
32,188,54.1,3,0
51,190,84.9,5,1
55,191,58.0,2,0
48,169,55.6,4,1
47,190,64.5,1,0
19,162,49.8,5,1
35,180,120.2,1,0
37,158,58.7,4,1
30,185,60.2,2,0
29,184,71.8,4,1
38,163,46.5,1,0
45,171,55.2,3,1
32,173,94.0,3,0
40,164,58.4,5,1
28,180,94.9,2,0
38,162,55.1,3,1
32,175,93.5,2,0
48,175,75.6,3,1
39,176,80.3,2,0
31,192,80.4,4,1
32,174,51.0,3,0
40,159,47.7,3,1
57,159,39.3,2,0
55,175,70.1,5,1
46,184,121.8,3,0
54,185,84.7,4,1
23,155,44.0,3,0
22,169,61.0,4,1
56,162,85.1,2,0
29,156,56.4,4,1
39,171,88.4,1,0
40,183,69.6,4,1
36,171,52.4,3,0
19,173,59.3,3,1
28,194,62.6,2,0
29,179,65.6,4,1
34,166,50.4,2,0
18,190,89.4,4,1
29,181,110.0,3,0
50,163,56.4,4,1
40,182,113.7,1,0
46,167,57.8,4,1
55,160,79.1,3,0
52,194,77.5,4,1
24,165,92.4,2,0
22,160,55.7,3,1
19,185,54.2,2,0
45,181,67.7,3,1
41,185,90.6,3,0
37,171,54.6,3,1
38,175,102.2,2,0
50,183,68.8,4,1
25,168,96.4,2,0
20,190,73.0,3,1
31,161,47.3,2,0
25,179,68.9,4,1
58,171,103.5,2,0
35,184,65.7,3,1
44,175,56.1,1,0
25,158,57.9,5,1
52,184,52.6,3,0
48,171,69.8,5,1
54,183,103.1,3,0
50,173,65.8,4,1
35,184,93.9,3,0
41,172,60.1,4,1
19,177,104.1,1,0
28,192,84.6,3,1
53,190,59.2,1,0
37,187,78.0,4,1
19,171,76.4,1,0
31,164,63.6,4,1
35,193,124.8,1,0
22,187,66.9,5,1
29,162,99.5,1,0
58,188,70.1,5,1
52,186,62.2,2,0
25,186,79.7,4,1
54,166,41.4,2,0
34,185,84.6,4,1
55,192,95.0,1,0
46,177,70.3,4,1
57,176,53.7,1,0
21,190,85.4,4,1
37,174,46.2,3,0
26,174,70.5,5,1
45,189,129.6,3,0
31,171,71.7,5,1
47,193,64.6,3,0
37,178,60.4,3,1
39,165,75.1,2,0
35,180,60.8,3,1
21,181,93.1,1,0
28,174,57.4,5,1
27,169,89.0,3,0
47,168,59.0,4,1
44,191,66.7,2,0
35,157,59.9,4,1
38,174,105.0,1,0
24,162,56.5,5,1
47,188,65.0,1,0
56,188,77.0,3,1
49,159,41.3,3,0
18,180,60.9,3,1
32,193,135.9,1,0
40,165,60.6,5,1
23,178,102.2,3,0
22,182,80.4,5,1
45,179,103.6,1,0
33,156,52.3,4,1
38,164,44.6,1,0
38,156,54.9,3,1
40,193,61.0,1,0
27,186,73.8,5,1
36,192,58.8,3,0
19,176,72.6,4,1
28,191,64.0,2,0
33,190,79.1,3,1
42,163,45.0,2,0
51,167,51.9,3,1
45,182,105.9,1,0
19,155,50.3,3,1
21,169,49.7,3,0
22,161,52.9,5,1
32,174,51.4,3,0
24,185,80.9,5,1
51,173,46.8,2,0
57,181,65.0,4,1
54,155,39.4,2,0
34,160,52.7,3,1
50,172,112.0,1,0
19,191,68.3,3,1
42,173,47.8,1,0
30,163,57.9,3,1
31,188,53.6,3,0
46,167,58.9,5,1
18,161,41.2,3,0
56,170,57.4,4,1
27,187,107.7,3,0
34,163,64.7,4,1
53,185,100.9,2,0
45,178,64.3,4,1
20,172,91.1,2,0
49,186,72.1,3,1
50,156,40.7,1,0
57,155,59.0,3,1
33,156,37.4,1,0
26,189,85.4,3,1
38,171,53.2,2,0
31,170,54.7,4,1
51,180,49.0,3,0
28,192,86.2,5,1
44,176,97.4,2,0
42,183,75.7,5,1
41,178,51.9,2,0
29,169,67.9,5,1
55,185,58.9,1,0
26,188,83.8,5,1
41,164,46.6,3,0
57,175,62.0,5,1
22,169,103.1,3,0
40,158,47.4,4,1
43,156,81.7,2,0
21,189,70.5,3,1
32,193,61.4,3,0
19,182,78.6,4,1
26,177,117.5,1,0
46,189,77.0,3,1
26,168,44.5,3,0
28,184,77.6,5,1
51,178,48.2,1,0
59,166,56.8,5,1
46,156,39.0,1,0
45,191,80.0,3,1
49,182,57.3,1,0
54,190,75.7,5,1
40,170,46.2,3,0
59,178,66.2,3,1
31,158,83.1,1,0
46,193,74.4,4,1
19,168,49.8,2,0
19,190,79.2,4,1
22,192,64.4,3,0
48,183,75.0,4,1
44,162,85.2,1,0
51,163,53.2,5,1
36,155,38.7,1,0
42,166,55.3,4,1
55,155,36.9,2,0
28,191,71.3,4,1
59,175,53.1,3,0
28,163,55.9,4,1
45,179,102.4,1,0
58,186,83.6,4,1
37,156,77.8,2,0
28,184,80.7,3,1
38,191,109.7,2,0
52,175,69.6,3,1
57,164,49.2,1,0
53,181,76.9,4,1
21,181,122.5,2,0
35,180,66.3,5,1
31,167,89.3,3,0
40,182,79.3,4,1
52,180,54.0,3,0
24,170,62.0,3,1
38,181,52.4,3,0
25,179,60.2,3,1
38,164,44.5,2,0
39,160,63.3,4,1
30,176,54.8,3,0
40,159,57.6,5,1
30,166,80.1,3,0
20,176,69.2,3,1
59,166,47.3,3,0
40,191,78.1,3,1
22,190,135.0,1,0
31,178,78.1,3,1
57,166,48.0,2,0
57,175,72.6,5,1
45,156,66.5,2,0
57,188,72.0,4,1
35,188,63.0,3,0
23,178,69.9,5,1
58,160,90.3,2,0
55,180,63.9,5,1
41,162,45.2,2,0
28,182,79.5,4,1
41,185,123.0,2,0
50,186,73.8,5,1
34,186,56.0,3,0
41,178,58.6,5,1
25,169,49.9,2,0
49,171,72.4,4,1
27,176,79.0,1,0
18,191,80.0,5,1
18,171,97.1,2,0
19,172,62.3,5,1
26,162,39.5,1,0
27,166,65.5,4,1
27,168,49.4,3,0
47,178,65.1,3,1
55,190,61.4,3,0
18,172,57.3,5,1
37,161,40.2,3,0
53,183,81.3,4,1
31,190,59.2,2,0
29,194,87.6,3,1
29,161,40.1,3,0
44,161,55.6,5,1
42,190,64.9,1,0
24,184,63.7,3,1
54,175,106.2,2,0
25,186,83.6,3,1
22,184,54.8,3,0
27,190,79.5,5,1
53,180,52.2,3,0
46,185,81.0,4,1
20,159,74.7,1,0
29,158,52.7,4,1
59,187,107.2,1,0
29,165,56.3,3,1
23,189,57.9,1,0
30,193,84.3,5,1
49,158,39.8,2,0
24,181,71.2,3,1
47,182,122.7,1,0
24,184,70.1,5,1
22,176,47.2,3,0
46,193,72.0,3,1
23,171,50.6,2,0
47,174,59.3,5,1
48,173,50.5,2,0
27,161,61.7,4,1
53,162,78.7,2,0
56,168,66.2,4,1
22,173,53.0,1,0
34,163,58.7,5,1
30,191,57.5,3,0
26,190,68.4,4,1
24,179,116.3,2,0
56,155,55.2,3,1
33,167,87.9,3,0
45,176,75.1,5,1
28,184,54.4,1,0
47,170,54.9,4,1
58,193,136.3,3,0
34,175,63.1,5,1
51,187,58.0,2,0
35,186,81.5,4,1
51,187,88.6,1,0
19,180,62.7,3,1
41,187,63.2,2,0
50,165,60.2,5,1
29,182,57.4,3,0
40,184,80.7,3,1
54,166,76.2,3,0
33,174,71.7,4,1
43,177,48.2,2,0
21,161,56.2,5,1
21,176,108.6,3,0
31,157,46.0,4,1
18,184,92.2,2,0
59,190,71.9,5,1
56,189,121.7,1,0
51,164,66.8,5,1
55,172,102.7,2,0
37,166,60.7,4,1
37,189,133.1,1,0
41,189,82.9,4,1
40,175,99.8,2,0
25,167,52.3,3,1
49,189,126.4,3,0
43,157,61.0,5,1
54,162,92.6,2,0
37,157,50.6,4,1
23,194,61.0,3,0
24,183,66.5,5,1
42,171,89.3,2,0
35,180,78.4,3,1
58,171,110.7,1,0
49,172,63.4,3,1
43,178,102.2,3,0
38,181,79.7,4,1
24,187,55.5,2,0
35,190,69.3,3,1
40,166,44.5,3,0
24,156,57.2,4,1
46,172,105.9,1,0
32,194,75.9,4,1
31,181,115.4,2,0
55,157,46.9,4,1
51,185,52.9,1,0
28,187,73.2,4,1
21,186,98.9,1,0
50,159,49.2,3,1
25,181,114.7,3,0
59,175,74.4,4,1
49,162,69.1,1,0
54,190,83.6,5,1
54,185,59.7,1,0
37,164,50.0,4,1
27,191,57.7,1,0
37,190,81.3,4,1
25,167,45.8,1,0
40,186,73.0,5,1
19,186,52.3,2,0
52,173,69.1,5,1
33,185,113.3,3,0
26,178,70.3,5,1
24,192,122.0,1,0
18,177,59.6,4,1
25,188,62.1,1,0
54,155,44.8,3,1
19,176,47.4,1,0
30,157,46.1,4,1
40,171,94.7,1,0
19,172,64.0,4,1
45,184,59.8,1,0
43,158,56.1,4,1
57,170,49.4,1,0
39,188,75.3,4,1
51,189,64.8,1,0
44,166,57.9,5,1
39,180,53.9,3,0
47,171,54.6,5,1
24,158,88.1,2,0
37,194,72.8,5,1
40,192,59.5,1,0
53,168,65.3,3,1
58,162,40.7,3,0
28,183,69.1,4,1
54,174,82.3,2,0
18,157,47.5,4,1
19,170,101.1,1,0
34,174,70.8,3,1
58,180,119.6,1,0
49,188,77.4,4,1
48,181,54.4,3,0
28,189,77.7,3,1
23,161,46.9,1,0
36,173,67.5,5,1
35,186,129.8,1,0
55,192,75.8,4,1
59,163,92.6,1,0
43,188,79.2,4,1
25,157,80.3,3,0
47,181,69.2,3,1
20,158,40.6,2,0
58,160,53.9,4,1
26,182,120.9,1,0
45,165,59.2,4,1
29,194,125.3,3,0
26,180,68.6,3,1
51,176,78.8,1,0
19,156,51.5,4,1
35,183,105.9,2,0
42,185,72.1,5,1
27,191,58.2,2,0
25,189,76.3,4,1
26,184,96.2,1,0
27,176,63.0,4,1
48,177,49.4,1,0
26,157,59.6,3,1
47,192,101.5,3,0
29,173,58.9,3,1
35,172,46.9,3,0
40,167,59.1,4,1
57,156,81.2,3,0
21,162,48.7,4,1
29,164,70.5,1,0
21,173,64.0,3,1
50,162,77.0,2,0
53,165,56.2,3,1
27,183,50.8,3,0
56,188,74.6,4,1
53,160,75.9,1,0
19,174,58.0,4,1
44,178,47.6,2,0
27,175,70.9,5,1
53,157,37.9,1,0
59,175,68.5,3,1
42,178,48.6,3,0
52,174,72.6,5,1
24,172,52.9,3,0
37,160,48.6,3,1
36,193,118.8,2,0
24,174,58.0,5,1
42,155,42.4,3,0
52,178,73.8,5,1
19,179,95.9,2,0
26,155,46.6,5,1
23,174,93.5,1,0
52,191,75.4,4,1
35,194,141.5,1,0
51,164,57.5,5,1
21,157,77.0,2,0
29,167,63.5,5,1
36,171,76.0,1,0
18,159,60.5,5,1
18,189,61.4,1,0
21,163,51.9,3,1
31,180,58.1,1,0
19,193,70.0,4,1
42,164,45.0,1,0
54,159,49.7,5,1
22,169,44.9,2,0
31,174,68.1,4,1
52,173,111.2,1,0
21,194,78.3,4,1
31,186,55.5,1,0
56,178,67.0,4,1
31,165,100.7,1,0
38,160,60.1,5,1
53,179,119.1,2,0
31,167,66.5,3,1
36,162,47.0,2,0
26,188,77.9,5,1
49,188,59.7,1,0
28,177,65.2,5,1
22,180,101.1,2,0
30,179,75.0,3,1
58,194,136.6,3,0
41,187,82.1,5,1
55,169,47.8,3,0
32,187,80.0,3,1
56,187,103.0,3,0
30,159,62.6,3,1
20,180,55.3,3,0
26,178,76.4,4,1
44,175,47.8,1,0
34,159,50.5,5,1
40,193,63.4,2,0
46,188,67.0,4,1
54,167,75.9,2,0
42,172,62.6,3,1
38,174,77.4,3,0
42,161,49.0,5,1
27,194,138.3,3,0
29,174,67.7,5,1
37,177,107.8,2,0
31,173,64.1,4,1
50,179,98.5,2,0
53,178,71.1,5,1
56,167,71.1,3,0
19,179,76.4,5,1
22,162,41.9,1,0
21,189,73.3,5,1
50,178,52.3,1,0
55,192,82.9,4,1
22,184,127.1,2,0
30,174,58.4,3,1
35,167,50.7,2,0
57,181,63.6,4,1
37,189,100.0,3,0
32,172,55.7,5,1
41,189,56.9,1,0
52,156,51.5,4,1
53,156,66.1,2,0
58,180,66.6,3,1
52,194,122.1,2,0
38,158,56.3,3,1
53,178,57.7,1,0
49,176,67.7,4,1
39,158,44.5,3,0
35,182,80.9,3,1
22,186,55.6,3,0
39,193,74.4,4,1
33,159,76.9,1,0
44,160,48.5,3,1
34,185,54.5,2,0
48,170,66.9,5,1
33,183,104.5,2,0
22,167,68.8,3,1
18,162,43.3,2,0
19,179,60.7,3,1
38,183,59.5,3,0
47,165,51.6,5,1
57,188,103.8,2,0
24,185,74.2,4,1
45,179,87.6,1,0
59,178,59.7,4,1
23,168,77.4,3,0
44,156,46.7,3,1
38,169,47.6,3,0
44,163,61.8,5,1
21,183,57.5,1,0
22,165,56.9,4,1
56,162,44.9,2,0
52,171,57.1,4,1
19,171,50.7,3,0
33,187,86.5,4,1
32,157,43.5,1,0
32,190,71.2,3,1
29,163,83.2,2,0
31,177,58.4,4,1
52,181,53.7,3,0
48,191,89.9,3,1
57,165,47.8,2,0
41,167,52.7,4,1
26,180,58.7,1,0
46,182,80.0,4,1
37,193,56.1,3,0
30,162,57.2,3,1
23,164,43.1,2,0
50,179,62.4,3,1
54,190,61.2,2,0
24,160,55.2,4,1
27,160,41.9,1,0
31,155,55.8,3,1
54,166,48.5,3,0
55,164,54.8,3,1
56,182,58.7,3,0
21,179,78.1,5,1
44,158,76.3,2,0
35,176,61.7,3,1
54,188,53.2,3,0
57,158,49.7,5,1
54,177,86.6,1,0
58,168,66.8,5,1
25,177,115.3,1,0
34,173,61.8,4,1
41,186,109.5,2,0
51,189,75.5,3,1
30,172,101.6,1,0
52,191,79.5,4,1
42,161,89.0,1,0
40,159,58.6,5,1
35,177,57.0,2,0
55,157,51.5,4,1
20,163,43.3,2,0
53,167,58.2,3,1
39,187,111.6,2,0
49,182,76.0,3,1
35,179,114.7,2,0
35,164,65.7,3,1
26,186,61.8,3,0
45,158,57.6,5,1
31,170,48.4,2,0
43,172,62.7,5,1
50,169,71.7,2,0
41,159,52.8,3,1
44,166,45.4,1,0
37,182,64.5,5,1
32,187,110.0,1,0
57,160,51.5,4,1
27,165,74.3,3,0
36,194,78.2,3,1
53,157,37.3,3,0
39,191,79.3,4,1
37,159,43.6,1,0
43,187,75.0,3,1
39,172,82.3,1,0
18,173,58.6,5,1
52,159,40.2,3,0
39,188,76.3,3,1
31,163,47.3,2,0
59,165,54.0,4,1
53,162,67.9,3,0
19,162,58.8,5,1
24,183,56.4,1,0
55,171,63.1,4,1
36,186,63.3,1,0
52,171,67.1,4,1
18,181,85.1,3,0
37,180,62.2,4,1
57,180,49.0,2,0
53,175,62.7,4,1
40,188,116.7,1,0
34,185,73.3,3,1
32,156,76.3,1,0
21,186,77.6,3,1
26,175,51.5,1,0
46,188,75.0,5,1
33,165,40.9,2,0
57,183,69.3,3,1
31,176,80.7,1,0
38,186,68.2,3,1
38,191,66.5,3,0
27,189,88.0,3,1
49,175,98.2,2,0
54,176,75.8,3,1
53,175,46.5,1,0
45,173,55.6,5,1
41,174,46.6,3,0
54,169,63.8,4,1
23,169,47.7,2,0
55,169,63.8,5,1
47,194,111.9,2,0
23,192,90.5,4,1
21,159,88.2,2,0
29,175,70.2,4,1
49,193,60.6,2,0
52,173,59.7,5,1
56,183,110.7,2,0
32,184,83.0,4,1
22,181,85.9,3,0
30,187,85.3,3,1
27,155,37.9,1,0
22,179,71.8,3,1
39,179,55.9,1,0
22,191,89.3,3,1
50,190,62.0,3,0
26,159,52.0,5,1
33,193,63.8,1,0
33,163,58.5,4,1
40,193,132.6,3,0
48,164,65.5,5,1
51,193,60.2,2,0
36,179,77.5,4,1
58,168,89.2,3,0
41,176,60.6,3,1
58,193,96.1,2,0
46,169,55.2,3,1
28,191,112.2,3,0
33,165,65.6,4,1
22,190,59.1,2,0
40,163,61.4,3,1
34,172,106.4,3,0
31,187,79.9,5,1
29,179,112.1,3,0
31,184,81.6,4,1
46,180,85.8,2,0
28,183,71.5,4,1
41,183,51.5,3,0
53,181,63.5,3,1
42,187,54.4,2,0
33,175,65.7,3,1
20,169,43.2,3,0
56,178,59.2,5,1
25,161,42.1,2,0
49,186,77.2,4,1
26,179,54.8,2,0
55,159,48.9,3,1
27,174,76.3,3,0
31,169,66.0,4,1
46,193,105.2,3,0
22,176,65.0,3,1
57,157,42.0,1,0
31,179,71.7,4,1
49,186,108.3,2,0
55,175,61.1,5,1
55,171,52.9,2,0
57,167,52.1,3,1
22,161,47.1,2,0
30,169,59.0,5,1
43,173,46.3,1,0
40,178,63.3,3,1
56,194,61.5,1,0
29,183,63.3,3,1
37,192,95.5,3,0
43,171,64.6,3,1
20,174,46.8,3,0
26,165,58.2,3,1
58,167,44.7,2,0
40,193,85.8,3,1
27,158,42.6,1,0
20,169,56.3,5,1
23,161,43.1,3,0
40,167,60.4,3,1
35,177,51.9,2,0
33,191,78.2,4,1
40,175,109.4,3,0
56,167,54.7,5,1
50,167,49.9,3,0
38,166,64.0,4,1
56,156,42.4,2,0
24,184,71.8,5,1
53,183,118.3,3,0
19,178,59.4,5,1
39,160,45.0,3,0
47,157,53.8,3,1
32,171,46.8,3,0
49,166,51.3,4,1
24,175,102.9,1,0
42,189,87.7,5,1
22,186,113.5,2,0
55,167,66.7,4,1
26,156,40.5,3,0
49,162,57.7,3,1
37,155,41.7,1,0
39,156,51.1,4,1
22,164,69.9,2,0
38,166,63.5,3,1
49,193,110.1,3,0
33,160,53.7,4,1
26,183,87.1,1,0
20,168,56.8,5,1
32,161,46.3,3,0
18,161,55.6,4,1
40,179,54.5,2,0
29,163,61.0,4,1
37,175,54.3,1,0
34,158,57.8,4,1
36,184,57.2,1,0
34,171,61.7,5,1
44,179,55.8,3,0
53,162,56.5,3,1
40,162,39.5,3,0
47,169,66.9,4,1
40,189,96.1,1,0
26,174,66.4,3,1
35,169,44.8,3,0
53,174,70.4,3,1
34,179,120.6,1,0
58,177,62.4,3,1
18,192,56.2,2,0
47,183,78.3,4,1
47,190,132.6,3,0
24,174,65.6,5,1
44,169,49.1,3,0
26,164,58.2,4,1
18,181,83.8,2,0
31,169,56.6,5,1
41,184,55.7,3,0
18,158,46.8,3,1
29,178,57.8,1,0
55,183,65.7,3,1
20,194,135.4,1,0
59,189,76.5,3,1
39,175,48.1,1,0
55,173,65.3,3,1
20,172,106.7,3,0
21,165,52.9,5,1
33,172,81.3,3,0
29,177,66.5,5,1
33,168,49.2,1,0
31,156,53.7,3,1
28,180,122.3,2,0
23,165,58.9,4,1
58,178,105.3,1,0
22,158,47.6,4,1
33,156,67.2,2,0
58,191,74.2,4,1
54,190,114.6,1,0
22,165,64.8,5,1
34,191,102.2,2,0
26,171,70.9,5,1
35,178,57.6,3,0
56,175,69.1,4,1
22,186,60.8,2,0
19,193,71.9,5,1
35,187,53.2,2,0
34,193,69.6,5,1
39,174,93.8,2,0
38,156,59.0,3,1
54,162,39.7,2,0
35,159,51.7,3,1
47,185,54.7,3,0
26,191,84.4,5,1
59,180,53.7,1,0
47,194,84.4,3,1
55,183,121.1,3,0
26,165,63.7,3,1
29,188,57.5,3,0
51,173,59.0,4,1
21,184,94.3,2,0
26,171,54.8,5,1
29,169,93.5,2,0
48,169,63.5,5,1
25,194,117.7,1,0
57,190,88.8,3,1
40,185,96.6,1,0
59,192,91.1,3,1
21,185,52.9,2,0
57,191,74.7,3,1
27,166,48.7,2,0
44,159,58.1,5,1
50,175,103.2,3,0
19,184,72.9,3,1
37,194,65.8,1,0
58,155,52.1,3,1
31,179,112.1,1,0
37,163,63.9,4,1
48,173,49.2,1,0
35,175,63.1,5,1
59,158,45.9,1,0
25,190,85.3,5,1
39,173,54.7,1,0
57,170,64.4,3,1
30,156,42.7,1,0
31,193,83.1,5,1
51,163,90.5,1,0
53,186,68.3,4,1
56,160,76.1,2,0
32,172,62.7,4,1
35,189,101.2,2,0
39,170,61.8,3,1
33,170,107.8,2,0
57,172,70.8,4,1
57,184,89.9,2,0
35,172,70.6,3,1
59,169,87.5,1,0
49,192,86.4,4,1
45,177,53.7,2,0
28,182,82.4,4,1
39,171,105.8,3,0
40,183,75.0,5,1
53,170,77.0,3,0
38,163,57.4,3,1
38,172,51.9,3,0
19,160,55.3,3,1
26,185,55.8,1,0
41,189,86.8,5,1
46,155,69.8,2,0
49,164,61.2,5,1
54,181,84.5,2,0
21,159,48.5,4,1
37,194,96.1,1,0
31,173,66.2,3,1
52,173,85.0,3,0
24,161,61.5,3,1
31,180,120.1,3,0
37,161,64.5,3,1
45,164,72.0,3,0
43,166,60.6,5,1
57,158,43.0,2,0
44,172,56.8,3,1
50,157,73.3,1,0
39,173,56.8,3,1
52,176,46.6,1,0
26,181,74.4,3,1
49,194,141.6,3,0
43,157,52.7,5,1
24,169,46.1,3,0
